CMA_DGUID,CMA_CODE,CMA_NAME,PROVINCE_NAME,REF_YEAR,IS_LATEST_YEAR,POPULATION,POPULATION_YOY_PCT,POPULATION_INDEX_2019_EQ_100,POPULATION_CHANGE_VS_2019_PCT,UNEMPLOYMENT_RATE_PCT,UNEMPLOYMENT_RATE_CHANGE_VS_2019_PP,PARTICIPATION_RATE_PCT,PARTICIPATION_RATE_CHANGE_VS_2019_PP,EMPLOYMENT_RATE_PCT,EMPLOYMENT_RATE_CHANGE_VS_2019_PP
2021S0503932,932,"Abbotsford-Mission, British Columbia",British Columbia,2011,FALSE,174337,0.92,86.4,-13.61,9.200,4.0,66.400,-1.8,60.200,-4.4
2021S0503932,932,"Abbotsford-Mission, British Columbia",British Columbia,2012,FALSE,176701,1.36,87.6,-12.43,8.200,3.0,68.500,0.3,62.900,-1.7
2021S0503932,932,"Abbotsford-Mission, British Columbia",British Columbia,2013,FALSE,178723,1.14,88.6,-11.43,7.800,2.6,69.600,1.4,64.000,-0.6
2021S0503932,932,"Abbotsford-Mission, British Columbia",British Columbia,2014,FALSE,180927,1.23,89.7,-10.34,7.800,2.6,66.000,-2.2,60.800,-3.8
2021S0503932,932,"Abbotsford-Mission, British Columbia",British Columbia,2015,FALSE,183968,1.68,91.2,-8.83,6.400,1.2,67.600,-0.6,63.200,-1.4
2021S0503932,932,"Abbotsford-Mission, British Columbia",British Columbia,2016,FALSE,189205,2.85,93.8,-6.24,6.600,1.4,66.800,-1.4,62.300,-2.3
2021S0503932,932,"Abbotsford-Mission, British Columbia",British Columbia,2017,FALSE,193234,2.13,95.8,-4.24,5.600,0.4,66.300,-1.9,62.500,-2.1
2021S0503932,932,"Abbotsford-Mission, British Columbia",British Columbia,2018,FALSE,197517,2.22,97.9,-2.12,4.500,-0.7,66.700,-1.5,63.700,-0.9
2021S0503932,932,"Abbotsford-Mission, British Columbia",British Columbia,2019,FALSE,201792,2.16,100.0,0.00,5.200,0.0,68.200,0.0,64.600,0.0
2021S0503932,932,"Abbotsford-Mission, British Columbia",British Columbia,2020,FALSE,203004,0.60,100.6,0.60,7.800,2.6,64.900,-3.3,59.800,-4.8
2021S0503932,932,"Abbotsford-Mission, British Columbia",British Columbia,2021,FALSE,204670,0.82,101.4,1.43,6.700,1.5,68.200,0.0,63.600,-1.0
2021S0503932,932,"Abbotsford-Mission, British Columbia",British Columbia,2022,FALSE,207467,1.37,102.8,2.81,4.800,-0.4,66.800,-1.4,63.600,-1.0
2021S0503932,932,"Abbotsford-Mission, British Columbia",British Columbia,2023,FALSE,213548,2.93,105.8,5.83,5.300,0.1,64.500,-3.7,61.100,-3.5
2021S0503932,932,"Abbotsford-Mission, British Columbia",British Columbia,2024,FALSE,220638,3.32,109.3,9.34,5.700,0.5,67.400,-0.8,63.600,-1.0
2021S0503932,932,"Abbotsford-Mission, British Columbia",British Columbia,2025,TRUE,223828,1.45,110.9,10.92,6.700,1.5,66.400,-1.8,61.900,-2.7
2021S0503568,568,"Barrie, Ontario",Ontario,2011,FALSE,192678,0.84,89.9,-10.14,10.000,3.9,72.100,1.4,64.900,-1.5
2021S0503568,568,"Barrie, Ontario",Ontario,2012,FALSE,194593,0.99,90.7,-9.25,8.400,2.3,70.300,-0.4,64.400,-2.0
2021S0503568,568,"Barrie, Ontario",Ontario,2013,FALSE,196574,1.02,91.7,-8.33,7.100,1.0,72.900,2.2,67.700,1.3
2021S0503568,568,"Barrie, Ontario",Ontario,2014,FALSE,198473,0.97,92.6,-7.44,6.100,0.0,72.300,1.6,67.800,1.4
2021S0503568,568,"Barrie, Ontario",Ontario,2015,FALSE,200146,0.84,93.3,-6.66,6.900,0.8,69.700,-1.0,64.900,-1.5
2021S0503568,568,"Barrie, Ontario",Ontario,2016,FALSE,203572,1.71,94.9,-5.06,7.300,1.2,66.500,-4.2,61.700,-4.7
2021S0503568,568,"Barrie, Ontario",Ontario,2017,FALSE,206896,1.63,96.5,-3.51,5.400,-0.7,71.200,0.5,67.400,1.0
2021S0503568,568,"Barrie, Ontario",Ontario,2018,FALSE,210089,1.54,98.0,-2.02,7.000,0.9,69.600,-1.1,64.800,-1.6
2021S0503568,568,"Barrie, Ontario",Ontario,2019,FALSE,214431,2.07,100.0,0.00,6.100,0.0,70.700,0.0,66.400,0.0
2021S0503568,568,"Barrie, Ontario",Ontario,2020,FALSE,218493,1.89,101.9,1.89,9.100,3.0,72.700,2.0,66.100,-0.3
2021S0503568,568,"Barrie, Ontario",Ontario,2021,FALSE,222065,1.63,103.6,3.56,8.100,2.0,69.200,-1.5,63.600,-2.8
2021S0503568,568,"Barrie, Ontario",Ontario,2022,FALSE,230302,3.71,107.4,7.40,5.500,-0.6,71.400,0.7,67.500,1.1
2021S0503568,568,"Barrie, Ontario",Ontario,2023,FALSE,238309,3.48,111.1,11.14,4.800,-1.3,72.700,2.0,69.200,2.8
2021S0503568,568,"Barrie, Ontario",Ontario,2024,FALSE,247098,3.69,115.2,15.23,6.100,0.0,68.700,-2.0,64.500,-1.9
2021S0503568,568,"Barrie, Ontario",Ontario,2025,TRUE,252446,2.16,117.7,17.73,7.700,1.6,67.300,-3.4,62.100,-4.3
2021S0503522,522,"Belleville - Quinte West, Ontario",Ontario,2011,FALSE,104253,-0.05,93.0,-6.97,7.400,-0.8,67.600,14.5,62.700,13.9
2021S0503522,522,"Belleville - Quinte West, Ontario",Ontario,2012,FALSE,104639,0.37,93.4,-6.63,7.100,-1.1,64.100,11.0,59.600,10.8
2021S0503522,522,"Belleville - Quinte West, Ontario",Ontario,2013,FALSE,104750,0.11,93.5,-6.53,5.100,-3.1,63.200,10.1,59.900,11.1
2021S0503522,522,"Belleville - Quinte West, Ontario",Ontario,2014,FALSE,105014,0.25,93.7,-6.29,13.400,5.2,66.500,13.4,57.600,8.8
2021S0503522,522,"Belleville - Quinte West, Ontario",Ontario,2015,FALSE,105347,0.32,94.0,-5.99,8.500,0.3,47.700,-5.4,43.500,-5.3
2021S0503522,522,"Belleville - Quinte West, Ontario",Ontario,2016,FALSE,106272,0.88,94.8,-5.17,9.300,1.1,46.300,-6.8,42.000,-6.8
2021S0503522,522,"Belleville - Quinte West, Ontario",Ontario,2017,FALSE,108194,1.81,96.5,-3.45,9.900,1.7,48.000,-5.1,43.200,-5.6
2021S0503522,522,"Belleville - Quinte West, Ontario",Ontario,2018,FALSE,110180,1.84,98.3,-1.68,4.100,-4.1,46.600,-6.5,44.700,-4.1
2021S0503522,522,"Belleville - Quinte West, Ontario",Ontario,2019,FALSE,112064,1.71,100.0,0.00,8.200,0.0,53.100,0.0,48.800,0.0
2021S0503522,522,"Belleville - Quinte West, Ontario",Ontario,2020,FALSE,114220,1.92,101.9,1.92,10.300,2.1,52.100,-1.0,46.700,-2.1
2021S0503522,522,"Belleville - Quinte West, Ontario",Ontario,2021,FALSE,115493,1.11,103.1,3.06,8.500,0.3,57.400,4.3,52.400,3.6
2021S0503522,522,"Belleville - Quinte West, Ontario",Ontario,2022,FALSE,118545,2.64,105.8,5.78,3.700,-4.5,61.400,8.3,59.100,10.3
2021S0503522,522,"Belleville - Quinte West, Ontario",Ontario,2023,FALSE,121069,2.13,108.0,8.04,6.500,-1.7,61.200,8.1,57.200,8.4
2021S0503522,522,"Belleville - Quinte West, Ontario",Ontario,2024,FALSE,123720,2.19,110.4,10.40,4.500,-3.7,48.700,-4.4,46.500,-2.3
2021S0503522,522,"Belleville - Quinte West, Ontario",Ontario,2025,TRUE,124978,1.02,111.5,11.52,7.700,-0.5,56.100,3.0,51.800,3.0
2021S0503543,543,"Brantford, Ontario",Ontario,2011,FALSE,139266,0.62,92.3,-7.73,8.600,4.3,69.000,-0.9,63.100,-3.8
2021S0503543,543,"Brantford, Ontario",Ontario,2012,FALSE,139770,0.36,92.6,-7.40,8.400,4.1,67.000,-2.9,61.400,-5.5
2021S0503543,543,"Brantford, Ontario",Ontario,2013,FALSE,140599,0.59,93.1,-6.85,6.500,2.2,66.800,-3.1,62.400,-4.5
2021S0503543,543,"Brantford, Ontario",Ontario,2014,FALSE,141337,0.52,93.6,-6.36,6.700,2.4,66.500,-3.4,62.000,-4.9
2021S0503543,543,"Brantford, Ontario",Ontario,2015,FALSE,142236,0.64,94.2,-5.77,5.800,1.5,66.400,-3.5,62.600,-4.3
2021S0503543,543,"Brantford, Ontario",Ontario,2016,FALSE,143867,1.15,95.3,-4.69,6.500,2.2,66.500,-3.4,62.200,-4.7
2021S0503543,543,"Brantford, Ontario",Ontario,2017,FALSE,146115,1.56,96.8,-3.20,5.100,0.8,66.800,-3.1,63.400,-3.5
2021S0503543,543,"Brantford, Ontario",Ontario,2018,FALSE,148290,1.49,98.2,-1.76,6.200,1.9,64.700,-5.2,60.700,-6.2
2021S0503543,543,"Brantford, Ontario",Ontario,2019,FALSE,150939,1.79,100.0,0.00,4.300,0.0,69.900,0.0,66.900,0.0
2021S0503543,543,"Brantford, Ontario",Ontario,2020,FALSE,153544,1.73,101.7,1.73,8.800,4.5,66.600,-3.3,60.700,-6.2
2021S0503543,543,"Brantford, Ontario",Ontario,2021,FALSE,156714,2.06,103.8,3.83,7.100,2.8,66.800,-3.1,62.100,-4.8
2021S0503543,543,"Brantford, Ontario",Ontario,2022,FALSE,161449,3.02,107.0,6.96,5.100,0.8,67.700,-2.2,64.300,-2.6
2021S0503543,543,"Brantford, Ontario",Ontario,2023,FALSE,167206,3.57,110.8,10.78,4.600,0.3,67.000,-2.9,63.900,-3.0
2021S0503543,543,"Brantford, Ontario",Ontario,2024,FALSE,173380,3.69,114.9,14.87,5.400,1.1,65.800,-4.1,62.200,-4.7
2021S0503543,543,"Brantford, Ontario",Ontario,2025,TRUE,176307,1.69,116.8,16.81,8.000,3.7,67.200,-2.7,61.800,-5.1
2021S0503825,825,"Calgary, Alberta",Alberta,2011,FALSE,1263866,1.84,84.1,-15.93,5.900,-1.2,74.600,0.5,70.200,1.4
2021S0503825,825,"Calgary, Alberta",Alberta,2012,FALSE,1299559,2.82,86.4,-13.55,4.900,-2.2,74.900,0.8,71.200,2.4
2021S0503825,825,"Calgary, Alberta",Alberta,2013,FALSE,1343931,3.41,89.4,-10.60,4.900,-2.2,74.200,0.1,70.600,1.8
2021S0503825,825,"Calgary, Alberta",Alberta,2014,FALSE,1386068,3.14,92.2,-7.80,5.100,-2.0,73.600,-0.5,69.800,1.0
2021S0503825,825,"Calgary, Alberta",Alberta,2015,FALSE,1416540,2.20,94.2,-5.77,6.400,-0.7,74.200,0.1,69.400,0.6
2021S0503825,825,"Calgary, Alberta",Alberta,2016,FALSE,1437710,1.49,95.6,-4.36,9.500,2.4,73.500,-0.6,66.500,-2.3
2021S0503825,825,"Calgary, Alberta",Alberta,2017,FALSE,1453860,1.12,96.7,-3.29,8.800,1.7,74.000,-0.1,67.500,-1.3
2021S0503825,825,"Calgary, Alberta",Alberta,2018,FALSE,1475716,1.50,98.2,-1.83,7.700,0.6,73.000,-1.1,67.400,-1.4
2021S0503825,825,"Calgary, Alberta",Alberta,2019,FALSE,1503295,1.87,100.0,0.00,7.100,0.0,74.100,0.0,68.800,0.0
2021S0503825,825,"Calgary, Alberta",Alberta,2020,FALSE,1528262,1.66,101.7,1.66,11.900,4.8,71.200,-2.9,62.800,-6.0
2021S0503825,825,"Calgary, Alberta",Alberta,2021,FALSE,1540242,0.78,102.5,2.46,9.000,1.9,71.300,-2.8,64.800,-4.0
2021S0503825,825,"Calgary, Alberta",Alberta,2022,FALSE,1587723,3.08,105.6,5.62,6.200,-0.9,71.900,-2.2,67.400,-1.4
2021S0503825,825,"Calgary, Alberta",Alberta,2023,FALSE,1680332,5.83,111.8,11.78,6.100,-1.0,70.900,-3.2,66.500,-2.3
2021S0503825,825,"Calgary, Alberta",Alberta,2024,FALSE,1783661,6.15,118.7,18.65,7.700,0.6,71.200,-2.9,65.800,-3.0
2021S0503825,825,"Calgary, Alberta",Alberta,2025,TRUE,1836012,2.94,122.1,22.13,7.400,0.3,70.300,-3.8,65.100,-3.7
2021S0503930,930,"Chilliwack, British Columbia",British Columbia ,2011,FALSE,95818,1.53,84.0,-16.00,5.100,-0.8,59.400,-1.5,56.300,-1.1
2021S0503930,930,"Chilliwack, British Columbia",British Columbia ,2012,FALSE,97576,1.83,85.5,-14.46,6.100,0.2,58.700,-2.2,55.100,-2.3
2021S0503930,930,"Chilliwack, British Columbia",British Columbia ,2013,FALSE,98997,1.46,86.8,-13.22,7.300,1.4,63.200,2.3,58.500,1.1
2021S0503930,930,"Chilliwack, British Columbia",British Columbia ,2014,FALSE,100663,1.68,88.2,-11.76,6.200,0.3,62.400,1.5,58.600,1.2
2021S0503930,930,"Chilliwack, British Columbia",British Columbia ,2015,FALSE,102861,2.18,90.2,-9.83,7.600,1.7,57.100,-3.8,52.900,-4.5
2021S0503930,930,"Chilliwack, British Columbia",British Columbia ,2016,FALSE,105946,3.00,92.9,-7.12,5.900,0.0,62.900,2.0,59.200,1.8
2021S0503930,930,"Chilliwack, British Columbia",British Columbia ,2017,FALSE,108739,2.64,95.3,-4.68,,,62.200,1.3,60.400,3.0
2021S0503930,930,"Chilliwack, British Columbia",British Columbia ,2018,FALSE,112035,3.03,98.2,-1.79,3.900,-2.0,57.000,-3.9,54.700,-2.7
2021S0503930,930,"Chilliwack, British Columbia",British Columbia ,2019,FALSE,114073,1.82,100.0,0.00,5.900,0.0,60.900,0.0,57.400,0.0
2021S0503930,930,"Chilliwack, British Columbia",British Columbia ,2020,FALSE,116401,2.04,102.0,2.04,7.300,1.4,62.100,1.2,57.600,0.2
2021S0503930,930,"Chilliwack, British Columbia",British Columbia ,2021,FALSE,118634,1.92,104.0,4.00,5.400,-0.5,61.200,0.3,57.900,0.5
2021S0503930,930,"Chilliwack, British Columbia",British Columbia ,2022,FALSE,121511,2.43,106.5,6.52,4.000,-1.9,65.600,4.7,63.000,5.6
2021S0503930,930,"Chilliwack, British Columbia",British Columbia ,2023,FALSE,123690,1.79,108.4,8.43,4.500,-1.4,65.800,4.9,62.700,5.3
2021S0503930,930,"Chilliwack, British Columbia",British Columbia ,2024,FALSE,127026,2.70,111.4,11.36,6.200,0.3,63.300,2.4,59.500,2.1
2021S0503930,930,"Chilliwack, British Columbia",British Columbia ,2025,TRUE,130283,2.56,114.2,14.21,6.800,0.9,63.700,2.8,59.400,2.0
2021S0503447,447,"Drummondville, Québec",Québec ,2011,FALSE,93095,1.30,93.1,-6.92,8.600,3.8,53.500,-12.3,48.800,-13.8
2021S0503447,447,"Drummondville, Québec",Québec ,2012,FALSE,94006,0.98,94.0,-6.01,9.600,4.8,51.600,-14.2,46.600,-16.0
2021S0503447,447,"Drummondville, Québec",Québec ,2013,FALSE,94824,0.87,94.8,-5.19,8.800,4.0,53.100,-12.7,48.400,-14.2
2021S0503447,447,"Drummondville, Québec",Québec ,2014,FALSE,95679,0.90,95.7,-4.33,8.700,3.9,49.700,-16.1,45.500,-17.1
2021S0503447,447,"Drummondville, Québec",Québec ,2015,FALSE,96506,0.86,96.5,-3.51,7.400,2.6,62.000,-3.8,57.300,-5.3
2021S0503447,447,"Drummondville, Québec",Québec ,2016,FALSE,97549,1.08,97.5,-2.46,6.500,1.7,63.400,-2.4,59.100,-3.5
2021S0503447,447,"Drummondville, Québec",Québec ,2017,FALSE,98582,1.06,98.6,-1.43,6.900,2.1,63.400,-2.4,59.000,-3.6
2021S0503447,447,"Drummondville, Québec",Québec ,2018,FALSE,99326,0.75,99.3,-0.69,5.200,0.4,59.800,-6.0,56.700,-5.9
2021S0503447,447,"Drummondville, Québec",Québec ,2019,FALSE,100012,0.69,100.0,0.00,4.800,0.0,65.800,0.0,62.600,0.0
2021S0503447,447,"Drummondville, Québec",Québec ,2020,FALSE,100909,0.90,100.9,0.90,7.800,3.0,61.000,-4.8,56.200,-6.4
2021S0503447,447,"Drummondville, Québec",Québec ,2021,FALSE,102356,1.43,102.3,2.34,6.000,1.2,67.500,1.7,63.500,0.9
2021S0503447,447,"Drummondville, Québec",Québec ,2022,FALSE,103827,1.44,103.8,3.81,,,58.100,-7.7,56.900,-5.7
2021S0503447,447,"Drummondville, Québec",Québec ,2023,FALSE,105919,2.01,105.9,5.91,3.000,-1.8,64.900,-0.9,62.900,0.3
2021S0503447,447,"Drummondville, Québec",Québec ,2024,FALSE,107895,1.87,107.9,7.88,4.500,-0.3,58.900,-6.9,56.300,-6.3
2021S0503447,447,"Drummondville, Québec",Québec ,2025,TRUE,109151,1.16,109.1,9.14,5.800,1.0,64.400,-1.4,60.600,-2.0
2021S0503835,835,"Edmonton, Alberta",Alberta,2011,FALSE,1205356,1.78,83.8,-16.22,5.500,-1.8,73.600,1.2,69.600,2.5
2021S0503835,835,"Edmonton, Alberta",Alberta,2012,FALSE,1233817,2.36,85.8,-14.24,4.800,-2.5,73.800,1.4,70.300,3.2
2021S0503835,835,"Edmonton, Alberta",Alberta,2013,FALSE,1271425,3.05,88.4,-11.62,4.700,-2.6,73.600,1.2,70.100,3.0
2021S0503835,835,"Edmonton, Alberta",Alberta,2014,FALSE,1311944,3.19,91.2,-8.81,5.200,-2.1,73.200,0.8,69.400,2.3
2021S0503835,835,"Edmonton, Alberta",Alberta,2015,FALSE,1341040,2.22,93.2,-6.78,6.000,-1.3,73.600,1.2,69.100,2.0
2021S0503835,835,"Edmonton, Alberta",Alberta,2016,FALSE,1364673,1.76,94.9,-5.14,7.500,0.2,72.900,0.5,67.500,0.4
2021S0503835,835,"Edmonton, Alberta",Alberta,2017,FALSE,1388606,1.75,96.5,-3.48,8.300,1.0,72.600,0.2,66.500,-0.6
2021S0503835,835,"Edmonton, Alberta",Alberta,2018,FALSE,1412415,1.71,98.2,-1.82,6.400,-0.9,72.000,-0.4,67.300,0.2
2021S0503835,835,"Edmonton, Alberta",Alberta,2019,FALSE,1438636,1.86,100.0,0.00,7.300,0.0,72.400,0.0,67.100,0.0
2021S0503835,835,"Edmonton, Alberta",Alberta,2020,FALSE,1461697,1.60,101.6,1.60,11.900,4.6,68.300,-4.1,60.200,-6.9
2021S0503835,835,"Edmonton, Alberta",Alberta,2021,FALSE,1472402,0.73,102.3,2.35,8.800,1.5,70.700,-1.7,64.500,-2.6
2021S0503835,835,"Edmonton, Alberta",Alberta,2022,FALSE,1500864,1.93,104.3,4.33,5.900,-1.4,69.600,-2.8,65.400,-1.7
2021S0503835,835,"Edmonton, Alberta",Alberta,2023,FALSE,1560830,4.00,108.5,8.49,6.100,-1.2,70.100,-2.3,65.900,-1.2
2021S0503835,835,"Edmonton, Alberta",Alberta,2024,FALSE,1641668,5.18,114.1,14.11,7.500,0.2,68.400,-4.0,63.200,-3.9
2021S0503835,835,"Edmonton, Alberta",Alberta,2025,TRUE,1692385,3.09,117.6,17.64,7.700,0.4,68.700,-3.7,63.400,-3.7
2021S0503320,320,"Fredericton, New Brunswick",New Brunswick,2011,FALSE,100206,1.42,91.9,-8.15,6.800,1.0,69.900,4.2,65.100,3.2
2021S0503320,320,"Fredericton, New Brunswick",New Brunswick,2012,FALSE,101226,1.02,92.8,-7.21,6.500,0.7,66.800,1.1,62.500,0.6
2021S0503320,320,"Fredericton, New Brunswick",New Brunswick,2013,FALSE,102333,1.09,93.8,-6.20,6.300,0.5,67.200,1.5,62.900,1.0
2021S0503320,320,"Fredericton, New Brunswick",New Brunswick,2014,FALSE,102951,0.60,94.4,-5.63,7.900,2.1,65.900,0.2,60.700,-1.2
2021S0503320,320,"Fredericton, New Brunswick",New Brunswick,2015,FALSE,103881,0.90,95.2,-4.78,7.200,1.4,67.000,1.3,62.200,0.3
2021S0503320,320,"Fredericton, New Brunswick",New Brunswick,2016,FALSE,105291,1.36,96.5,-3.48,7.300,1.5,69.400,3.7,64.300,2.4
2021S0503320,320,"Fredericton, New Brunswick",New Brunswick,2017,FALSE,106393,1.05,97.5,-2.47,6.300,0.5,65.000,-0.7,60.900,-1.0
2021S0503320,320,"Fredericton, New Brunswick",New Brunswick,2018,FALSE,107592,1.13,98.6,-1.37,6.700,0.9,64.400,-1.3,60.100,-1.8
2021S0503320,320,"Fredericton, New Brunswick",New Brunswick,2019,FALSE,109092,1.39,100.0,0.00,5.800,0.0,65.700,0.0,61.900,0.0
2021S0503320,320,"Fredericton, New Brunswick",New Brunswick,2020,FALSE,110168,0.99,101.0,0.99,8.000,2.2,62.400,-3.3,57.500,-4.4
2021S0503320,320,"Fredericton, New Brunswick",New Brunswick,2021,FALSE,111017,0.77,101.8,1.76,6.300,0.5,66.200,0.5,62.000,0.1
2021S0503320,320,"Fredericton, New Brunswick",New Brunswick,2022,FALSE,114480,3.12,104.9,4.94,5.600,-0.2,66.800,1.1,63.100,1.2
2021S0503320,320,"Fredericton, New Brunswick",New Brunswick,2023,FALSE,118659,3.65,108.8,8.77,4.600,-1.2,64.100,-1.6,61.100,-0.8
2021S0503320,320,"Fredericton, New Brunswick",New Brunswick,2024,FALSE,123308,3.92,113.0,13.03,5.800,0.0,65.700,0.0,61.900,0.0
2021S0503320,320,"Fredericton, New Brunswick",New Brunswick,2025,TRUE,125303,1.62,114.9,14.86,6.300,0.5,66.200,0.5,62.100,0.2
2021S0503580,580,"Greater Sudbury, Ontario",Ontario,2011,FALSE,168937,-0.04,96.3,-3.66,7.100,1.5,63.500,-0.3,59.000,-1.2
2021S0503580,580,"Greater Sudbury, Ontario",Ontario,2012,FALSE,169572,0.38,96.7,-3.30,7.300,1.7,63.000,-0.8,58.400,-1.8
2021S0503580,580,"Greater Sudbury, Ontario",Ontario,2013,FALSE,170049,0.28,97.0,-3.02,6.800,1.2,63.800,0.0,59.400,-0.8
2021S0503580,580,"Greater Sudbury, Ontario",Ontario,2014,FALSE,169931,-0.07,96.9,-3.09,6.500,0.9,63.000,-0.8,58.900,-1.3
2021S0503580,580,"Greater Sudbury, Ontario",Ontario,2015,FALSE,170029,0.06,97.0,-3.04,7.300,1.7,63.400,-0.4,58.700,-1.5
2021S0503580,580,"Greater Sudbury, Ontario",Ontario,2016,FALSE,170660,0.37,97.3,-2.68,8.300,2.7,63.700,-0.1,58.400,-1.8
2021S0503580,580,"Greater Sudbury, Ontario",Ontario,2017,FALSE,171705,0.61,97.9,-2.08,6.700,1.1,62.000,-1.8,57.900,-2.3
2021S0503580,580,"Greater Sudbury, Ontario",Ontario,2018,FALSE,174100,1.39,99.3,-0.71,6.400,0.8,62.000,-1.8,58.000,-2.2
2021S0503580,580,"Greater Sudbury, Ontario",Ontario,2019,FALSE,175351,0.72,100.0,0.00,5.600,0.0,63.800,0.0,60.200,0.0
2021S0503580,580,"Greater Sudbury, Ontario",Ontario,2020,FALSE,176580,0.70,100.7,0.70,8.000,2.4,60.400,-3.4,55.600,-4.6
2021S0503580,580,"Greater Sudbury, Ontario",Ontario,2021,FALSE,177415,0.47,101.2,1.18,7.500,1.9,60.900,-2.9,56.300,-3.9
2021S0503580,580,"Greater Sudbury, Ontario",Ontario,2022,FALSE,180295,1.62,102.8,2.82,4.100,-1.5,61.100,-2.7,58.600,-1.6
2021S0503580,580,"Greater Sudbury, Ontario",Ontario,2023,FALSE,185364,2.81,105.7,5.71,4.900,-0.7,62.100,-1.7,59.000,-1.2
2021S0503580,580,"Greater Sudbury, Ontario",Ontario,2024,FALSE,192688,3.95,109.9,9.89,5.500,-0.1,59.900,-3.9,56.600,-3.6
2021S0503580,580,"Greater Sudbury, Ontario",Ontario,2025,TRUE,194278,0.83,110.8,10.79,6.000,0.4,62.600,-1.2,58.800,-1.4
2021S0503550,550,"Guelph, Ontario",Ontario,2011,FALSE,145634,0.90,87.1,-12.92,5.900,1.4,72.400,2.7,68.200,1.6
2021S0503550,550,"Guelph, Ontario",Ontario,2012,FALSE,147997,1.62,88.5,-11.50,5.400,0.9,72.800,3.1,68.900,2.3
2021S0503550,550,"Guelph, Ontario",Ontario,2013,FALSE,149621,1.10,89.5,-10.53,6.600,2.1,68.400,-1.3,63.900,-2.7
2021S0503550,550,"Guelph, Ontario",Ontario,2014,FALSE,151683,1.38,90.7,-9.30,6.300,1.8,68.800,-0.9,64.400,-2.2
2021S0503550,550,"Guelph, Ontario",Ontario,2015,FALSE,153691,1.32,91.9,-8.10,3.900,-0.6,73.500,3.8,70.600,4.0
2021S0503550,550,"Guelph, Ontario",Ontario,2016,FALSE,157183,2.27,94.0,-6.01,5.000,0.5,73.800,4.1,70.000,3.4
2021S0503550,550,"Guelph, Ontario",Ontario,2017,FALSE,160702,2.24,96.1,-3.91,5.500,1.0,72.900,3.2,68.800,2.2
2021S0503550,550,"Guelph, Ontario",Ontario,2018,FALSE,163979,2.04,98.1,-1.95,3.900,-0.6,68.700,-1.0,66.000,-0.6
2021S0503550,550,"Guelph, Ontario",Ontario,2019,FALSE,167234,1.99,100.0,0.00,4.500,0.0,69.700,0.0,66.600,0.0
2021S0503550,550,"Guelph, Ontario",Ontario,2020,FALSE,170486,1.94,101.9,1.94,9.500,5.0,67.600,-2.1,61.200,-5.4
2021S0503550,550,"Guelph, Ontario",Ontario,2021,FALSE,172876,1.40,103.4,3.37,7.000,2.5,70.800,1.1,65.900,-0.7
2021S0503550,550,"Guelph, Ontario",Ontario,2022,FALSE,176523,2.11,105.6,5.55,4.200,-0.3,70.700,1.0,67.800,1.2
2021S0503550,550,"Guelph, Ontario",Ontario,2023,FALSE,179894,1.91,107.6,7.57,4.500,0.0,72.000,2.3,68.800,2.2
2021S0503550,550,"Guelph, Ontario",Ontario,2024,FALSE,182615,1.51,109.2,9.20,5.000,0.5,69.900,0.2,66.400,-0.2
2021S0503550,550,"Guelph, Ontario",Ontario,2025,TRUE,183134,0.28,109.5,9.51,7.100,2.6,66.500,-3.2,61.700,-4.9
2021S0503205,205,"Halifax, Nova Scotia",Nova Scotia,2011,FALSE,425851,0.92,92.0,-7.97,6.100,0.3,70.500,2.6,66.200,2.2
2021S0503205,205,"Halifax, Nova Scotia",Nova Scotia,2012,FALSE,427891,0.48,92.5,-7.53,6.200,0.4,70.400,2.5,66.100,2.1
2021S0503205,205,"Halifax, Nova Scotia",Nova Scotia,2013,FALSE,428902,0.24,92.7,-7.31,6.500,0.7,70.600,2.7,65.900,1.9
2021S0503205,205,"Halifax, Nova Scotia",Nova Scotia,2014,FALSE,430249,0.31,93.0,-7.02,6.200,0.4,69.800,1.9,65.400,1.4
2021S0503205,205,"Halifax, Nova Scotia",Nova Scotia,2015,FALSE,432541,0.53,93.5,-6.53,6.300,0.5,68.500,0.6,64.200,0.2
2021S0503205,205,"Halifax, Nova Scotia",Nova Scotia,2016,FALSE,438022,1.27,94.7,-5.34,6.000,0.2,68.600,0.7,64.500,0.5
2021S0503205,205,"Halifax, Nova Scotia",Nova Scotia,2017,FALSE,445326,1.67,96.2,-3.76,6.800,1.0,67.500,-0.4,63.000,-1.0
2021S0503205,205,"Halifax, Nova Scotia",Nova Scotia,2018,FALSE,453010,1.73,97.9,-2.10,6.100,0.3,67.700,-0.2,63.500,-0.5
2021S0503205,205,"Halifax, Nova Scotia",Nova Scotia,2019,FALSE,462737,2.15,100.0,0.00,5.800,0.0,67.900,0.0,64.000,0.0
2021S0503205,205,"Halifax, Nova Scotia",Nova Scotia,2020,FALSE,473565,2.34,102.3,2.34,8.800,3.0,67.000,-0.9,61.100,-2.9
2021S0503205,205,"Halifax, Nova Scotia",Nova Scotia,2021,FALSE,482144,1.81,104.2,4.19,7.500,1.7,68.700,0.8,63.500,-0.5
2021S0503205,205,"Halifax, Nova Scotia",Nova Scotia,2022,FALSE,498222,3.33,107.7,7.67,4.900,-0.9,67.800,-0.1,64.500,0.5
2021S0503205,205,"Halifax, Nova Scotia",Nova Scotia,2023,FALSE,515453,3.46,111.4,11.39,5.400,-0.4,68.300,0.4,64.600,0.6
2021S0503205,205,"Halifax, Nova Scotia",Nova Scotia,2024,FALSE,536372,4.06,115.9,15.91,5.500,-0.3,68.900,1.0,65.100,1.1
2021S0503205,205,"Halifax, Nova Scotia",Nova Scotia,2025,TRUE,544834,1.58,117.7,17.74,5.600,-0.2,68.200,0.3,64.400,0.4
2021S0503537,537,"Hamilton, Ontario",Ontario,2011,FALSE,742357,0.70,92.8,-7.16,6.500,2.2,65.200,-0.4,61.000,-1.7
2021S0503537,537,"Hamilton, Ontario",Ontario,2012,FALSE,748466,0.82,93.6,-6.40,6.900,2.6,65.200,-0.4,60.700,-2.0
2021S0503537,537,"Hamilton, Ontario",Ontario,2013,FALSE,753546,0.68,94.2,-5.76,6.600,2.3,63.900,-1.7,59.700,-3.0
2021S0503537,537,"Hamilton, Ontario",Ontario,2014,FALSE,758103,0.60,94.8,-5.19,6.000,1.7,64.100,-1.5,60.200,-2.5
2021S0503537,537,"Hamilton, Ontario",Ontario,2015,FALSE,762554,0.59,95.4,-4.64,5.400,1.1,63.700,-1.9,60.200,-2.5
2021S0503537,537,"Hamilton, Ontario",Ontario,2016,FALSE,770432,1.03,96.3,-3.65,6.100,1.8,63.500,-2.1,59.600,-3.1
2021S0503537,537,"Hamilton, Ontario",Ontario,2017,FALSE,779719,1.21,97.5,-2.49,5.100,0.8,67.100,1.5,63.700,1.0
2021S0503537,537,"Hamilton, Ontario",Ontario,2018,FALSE,788294,1.10,98.6,-1.42,5.000,0.7,65.700,0.1,62.400,-0.3
2021S0503537,537,"Hamilton, Ontario",Ontario,2019,FALSE,799626,1.44,100.0,0.00,4.300,0.0,65.600,0.0,62.700,0.0
2021S0503537,537,"Hamilton, Ontario",Ontario,2020,FALSE,811706,1.51,101.5,1.51,9.000,4.7,63.500,-2.1,57.800,-4.9
2021S0503537,537,"Hamilton, Ontario",Ontario,2021,FALSE,817777,0.75,102.3,2.27,6.900,2.6,65.900,0.3,61.300,-1.4
2021S0503537,537,"Hamilton, Ontario",Ontario,2022,FALSE,827480,1.19,103.5,3.48,4.900,0.6,65.300,-0.3,62.100,-0.6
2021S0503537,537,"Hamilton, Ontario",Ontario,2023,FALSE,843066,1.88,105.4,5.43,5.400,1.1,64.300,-1.3,60.800,-1.9
2021S0503537,537,"Hamilton, Ontario",Ontario,2024,FALSE,862679,2.33,107.9,7.89,6.800,2.5,65.100,-0.5,60.600,-2.1
2021S0503537,537,"Hamilton, Ontario",Ontario,2025,TRUE,871143,0.98,108.9,8.94,7.000,2.7,65.600,0.0,61.000,-1.7
2021S0503925,925,"Kamloops, British Columbia",British Columbia ,2011,FALSE,100863,0.25,86.3,-13.72,7.700,2.1,65.100,0.1,60.000,-1.4
2021S0503925,925,"Kamloops, British Columbia",British Columbia ,2012,FALSE,102188,1.31,87.4,-12.59,7.300,1.7,70.800,5.8,65.600,4.2
2021S0503925,925,"Kamloops, British Columbia",British Columbia ,2013,FALSE,103554,1.34,88.6,-11.42,6.500,0.9,67.100,2.1,62.600,1.2
2021S0503925,925,"Kamloops, British Columbia",British Columbia ,2014,FALSE,104908,1.31,89.7,-10.26,8.200,2.6,70.400,5.4,64.600,3.2
2021S0503925,925,"Kamloops, British Columbia",British Columbia ,2015,FALSE,106067,1.10,90.7,-9.27,7.000,1.4,69.300,4.3,64.400,3.0
2021S0503925,925,"Kamloops, British Columbia",British Columbia ,2016,FALSE,108507,2.30,92.8,-7.18,7.400,1.8,67.100,2.1,62.200,0.8
2021S0503925,925,"Kamloops, British Columbia",British Columbia ,2017,FALSE,111084,2.37,95.0,-4.98,8.900,3.3,65.600,0.6,59.700,-1.7
2021S0503925,925,"Kamloops, British Columbia",British Columbia ,2018,FALSE,114862,3.40,98.3,-1.75,7.300,1.7,65.000,0.0,60.200,-1.2
2021S0503925,925,"Kamloops, British Columbia",British Columbia ,2019,FALSE,116906,1.78,100.0,0.00,5.600,0.0,65.000,0.0,61.400,0.0
2021S0503925,925,"Kamloops, British Columbia",British Columbia ,2020,FALSE,118389,1.27,101.3,1.27,11.700,6.1,62.200,-2.8,55.000,-6.4
2021S0503925,925,"Kamloops, British Columbia",British Columbia ,2021,FALSE,119049,0.56,101.8,1.83,5.800,0.2,63.600,-1.4,59.900,-1.5
2021S0503925,925,"Kamloops, British Columbia",British Columbia ,2022,FALSE,122129,2.59,104.5,4.47,4.800,-0.8,66.500,1.5,63.400,2.0
2021S0503925,925,"Kamloops, British Columbia",British Columbia ,2023,FALSE,125303,2.60,107.2,7.18,4.700,-0.9,66.800,1.8,63.700,2.3
2021S0503925,925,"Kamloops, British Columbia",British Columbia ,2024,FALSE,127457,1.72,109.0,9.03,4.800,-0.8,65.000,0.0,62.000,0.6
2021S0503925,925,"Kamloops, British Columbia",British Columbia ,2025,TRUE,127198,-0.20,108.8,8.80,7.800,2.2,68.500,3.5,63.200,1.8
2021S0503915,915,"Kelowna, British Columbia",British Columbia,2011,FALSE,183669,1.24,83.3,-16.71,7.900,3.7,68.300,1.0,62.800,-1.7
2021S0503915,915,"Kelowna, British Columbia",British Columbia,2012,FALSE,186270,1.42,84.5,-15.53,6.600,2.4,66.500,-0.8,62.100,-2.4
2021S0503915,915,"Kelowna, British Columbia",British Columbia,2013,FALSE,189236,1.59,85.8,-14.19,6.700,2.5,64.600,-2.7,60.300,-4.2
2021S0503915,915,"Kelowna, British Columbia",British Columbia,2014,FALSE,193321,2.16,87.7,-12.33,5.600,1.4,63.800,-3.5,60.200,-4.3
2021S0503915,915,"Kelowna, British Columbia",British Columbia,2015,FALSE,198008,2.42,89.8,-10.21,6.300,2.1,64.700,-2.6,60.600,-3.9
2021S0503915,915,"Kelowna, British Columbia",British Columbia,2016,FALSE,203697,2.87,92.4,-7.63,7.900,3.7,64.400,-2.9,59.300,-5.2
2021S0503915,915,"Kelowna, British Columbia",British Columbia,2017,FALSE,208874,2.54,94.7,-5.28,5.700,1.5,67.300,0.0,63.500,-1.0
2021S0503915,915,"Kelowna, British Columbia",British Columbia,2018,FALSE,214927,2.90,97.5,-2.53,4.600,0.4,66.600,-0.7,63.500,-1.0
2021S0503915,915,"Kelowna, British Columbia",British Columbia,2019,FALSE,220517,2.60,100.0,0.00,4.200,0.0,67.300,0.0,64.500,0.0
2021S0503915,915,"Kelowna, British Columbia",British Columbia,2020,FALSE,226205,2.58,102.6,2.58,7.200,3.0,64.700,-2.6,60.000,-4.5
2021S0503915,915,"Kelowna, British Columbia",British Columbia,2021,FALSE,232150,2.63,105.3,5.28,5.600,1.4,62.900,-4.4,59.400,-5.1
2021S0503915,915,"Kelowna, British Columbia",British Columbia,2022,FALSE,239880,3.33,108.8,8.78,4.700,0.5,61.500,-5.8,58.600,-5.9
2021S0503915,915,"Kelowna, British Columbia",British Columbia,2023,FALSE,246046,2.57,111.6,11.58,3.500,-0.7,62.600,-4.7,60.400,-4.1
2021S0503915,915,"Kelowna, British Columbia",British Columbia,2024,FALSE,251648,2.28,114.1,14.12,4.900,0.7,60.000,-7.3,57.000,-7.5
2021S0503915,915,"Kelowna, British Columbia",British Columbia,2025,TRUE,254605,1.18,115.5,15.46,6.600,2.4,62.100,-5.2,58.000,-6.5
2021S0503521,521,"Kingston, Ontario",Ontario,2011,FALSE,164249,0.79,93.2,-6.82,6.600,1.1,64.100,0.8,59.900,0.0
2021S0503521,521,"Kingston, Ontario",Ontario,2012,FALSE,164384,0.08,93.3,-6.75,6.900,1.4,64.300,1.0,60.000,0.1
2021S0503521,521,"Kingston, Ontario",Ontario,2013,FALSE,163908,-0.29,93.0,-7.02,6.200,0.7,65.000,1.7,61.000,1.1
2021S0503521,521,"Kingston, Ontario",Ontario,2014,FALSE,164136,0.14,93.1,-6.89,7.000,1.5,63.800,0.5,59.200,-0.7
2021S0503521,521,"Kingston, Ontario",Ontario,2015,FALSE,164472,0.20,93.3,-6.70,6.600,1.1,64.300,1.0,60.000,0.1
2021S0503521,521,"Kingston, Ontario",Ontario,2016,FALSE,166154,1.02,94.3,-5.74,5.900,0.4,63.500,0.2,59.800,-0.1
2021S0503521,521,"Kingston, Ontario",Ontario,2017,FALSE,169997,2.31,96.4,-3.56,5.500,0.0,65.700,2.4,62.100,2.2
2021S0503521,521,"Kingston, Ontario",Ontario,2018,FALSE,173635,2.14,98.5,-1.50,5.800,0.3,63.800,0.5,60.100,0.2
2021S0503521,521,"Kingston, Ontario",Ontario,2019,FALSE,176279,1.52,100.0,0.00,5.500,0.0,63.300,0.0,59.900,0.0
2021S0503521,521,"Kingston, Ontario",Ontario,2020,FALSE,178343,1.17,101.2,1.17,8.600,3.1,61.500,-1.8,56.200,-3.7
2021S0503521,521,"Kingston, Ontario",Ontario,2021,FALSE,179707,0.76,101.9,1.94,7.500,2.0,60.800,-2.5,56.200,-3.7
2021S0503521,521,"Kingston, Ontario",Ontario,2022,FALSE,184150,2.47,104.5,4.47,5.500,0.0,62.800,-0.5,59.300,-0.6
2021S0503521,521,"Kingston, Ontario",Ontario,2023,FALSE,188354,2.28,106.8,6.85,4.700,-0.8,63.600,0.3,60.600,0.7
2021S0503521,521,"Kingston, Ontario",Ontario,2024,FALSE,192395,2.15,109.1,9.14,6.300,0.8,62.600,-0.7,58.600,-1.3
2021S0503521,521,"Kingston, Ontario",Ontario,2025,TRUE,193466,0.56,109.7,9.75,6.700,1.2,62.900,-0.4,58.700,-1.2
2021S0503541,541,"Kitchener-Cambridge-Waterloo, Ontario",Ontario,2011,FALSE,512700,1.12,88.0,-12.04,6.800,1.4,72.200,0.9,67.300,-0.1
2021S0503541,541,"Kitchener-Cambridge-Waterloo, Ontario",Ontario,2012,FALSE,517628,0.96,88.8,-11.20,6.600,1.2,71.200,-0.1,66.500,-0.9
2021S0503541,541,"Kitchener-Cambridge-Waterloo, Ontario",Ontario,2013,FALSE,521750,0.80,89.5,-10.49,6.900,1.5,72.500,1.2,67.500,0.1
2021S0503541,541,"Kitchener-Cambridge-Waterloo, Ontario",Ontario,2014,FALSE,525525,0.72,90.2,-9.84,6.400,1.0,72.200,0.9,67.600,0.2
2021S0503541,541,"Kitchener-Cambridge-Waterloo, Ontario",Ontario,2015,FALSE,530332,0.91,91.0,-9.02,5.800,0.4,71.000,-0.3,66.900,-0.5
2021S0503541,541,"Kitchener-Cambridge-Waterloo, Ontario",Ontario,2016,FALSE,541852,2.17,93.0,-7.04,5.600,0.2,70.000,-1.3,66.100,-1.3
2021S0503541,541,"Kitchener-Cambridge-Waterloo, Ontario",Ontario,2017,FALSE,553879,2.22,95.0,-4.98,4.900,-0.5,70.500,-0.8,67.000,-0.4
2021S0503541,541,"Kitchener-Cambridge-Waterloo, Ontario",Ontario,2018,FALSE,568467,2.63,97.5,-2.47,5.000,-0.4,70.500,-0.8,67.000,-0.4
2021S0503541,541,"Kitchener-Cambridge-Waterloo, Ontario",Ontario,2019,FALSE,582884,2.54,100.0,0.00,5.400,0.0,71.300,0.0,67.400,0.0
2021S0503541,541,"Kitchener-Cambridge-Waterloo, Ontario",Ontario,2020,FALSE,595366,2.14,102.1,2.14,9.900,4.5,68.900,-2.4,62.100,-5.3
2021S0503541,541,"Kitchener-Cambridge-Waterloo, Ontario",Ontario,2021,FALSE,602303,1.17,103.3,3.33,6.300,0.9,68.900,-2.4,64.600,-2.8
2021S0503541,541,"Kitchener-Cambridge-Waterloo, Ontario",Ontario,2022,FALSE,627929,4.25,107.7,7.73,5.700,0.3,69.600,-1.7,65.600,-1.8
2021S0503541,541,"Kitchener-Cambridge-Waterloo, Ontario",Ontario,2023,FALSE,664490,5.82,114.0,14.00,6.000,0.6,69.800,-1.5,65.600,-1.8
2021S0503541,541,"Kitchener-Cambridge-Waterloo, Ontario",Ontario,2024,FALSE,699402,5.25,120.0,19.99,7.200,1.8,70.700,-0.6,65.600,-1.8
2021S0503541,541,"Kitchener-Cambridge-Waterloo, Ontario",Ontario,2025,TRUE,701568,0.31,120.4,20.36,7.700,2.3,70.300,-1.0,64.900,-2.5
2021S0503810,810,"Lethbridge, Alberta",Alberta,2011,FALSE,109690,1.15,87.1,-12.86,6.300,1.6,70.500,5.2,66.000,3.7
2021S0503810,810,"Lethbridge, Alberta",Alberta,2012,FALSE,111253,1.42,88.4,-11.62,6.300,1.6,73.100,7.8,68.500,6.2
2021S0503810,810,"Lethbridge, Alberta",Alberta,2013,FALSE,113430,1.96,90.1,-9.89,5.000,0.3,66.600,1.3,63.200,0.9
2021S0503810,810,"Lethbridge, Alberta",Alberta,2014,FALSE,116095,2.35,92.2,-7.78,6.700,2.0,68.400,3.1,63.700,1.4
2021S0503810,810,"Lethbridge, Alberta",Alberta,2015,FALSE,118577,2.14,94.2,-5.81,4.300,-0.4,73.500,8.2,70.300,8.0
2021S0503810,810,"Lethbridge, Alberta",Alberta,2016,FALSE,120903,1.96,96.0,-3.96,6.000,1.3,71.500,6.2,67.100,4.8
2021S0503810,810,"Lethbridge, Alberta",Alberta,2017,FALSE,121990,0.90,96.9,-3.09,5.800,1.1,69.000,3.7,64.900,2.6
2021S0503810,810,"Lethbridge, Alberta",Alberta,2018,FALSE,123955,1.61,98.5,-1.53,4.900,0.2,67.400,2.1,64.100,1.8
2021S0503810,810,"Lethbridge, Alberta",Alberta,2019,FALSE,125885,1.56,100.0,0.00,4.700,0.0,65.300,0.0,62.300,0.0
2021S0503810,810,"Lethbridge, Alberta",Alberta,2020,FALSE,127455,1.25,101.2,1.25,8.300,3.6,64.000,-1.3,58.600,-3.7
2021S0503810,810,"Lethbridge, Alberta",Alberta,2021,FALSE,128503,0.82,102.1,2.08,6.000,1.3,64.900,-0.4,61.000,-1.3
2021S0503810,810,"Lethbridge, Alberta",Alberta,2022,FALSE,130818,1.80,103.9,3.92,5.000,0.3,67.000,1.7,63.800,1.5
2021S0503810,810,"Lethbridge, Alberta",Alberta,2023,FALSE,134883,3.11,107.1,7.15,5.000,0.3,66.000,0.7,62.700,0.4
2021S0503810,810,"Lethbridge, Alberta",Alberta,2024,FALSE,140181,3.93,111.4,11.36,5.500,0.8,68.300,3.0,64.600,2.3
2021S0503810,810,"Lethbridge, Alberta",Alberta,2025,TRUE,143143,2.11,113.7,13.71,6.700,2.0,66.600,1.3,62.100,-0.2
2021S0503555,555,"London, Ontario",Ontario,2011,FALSE,489321,0.55,89.2,-10.83,9.300,3.6,64.600,4.7,58.600,2.1
2021S0503555,555,"London, Ontario",Ontario,2012,FALSE,492475,0.64,89.7,-10.25,8.700,3.0,64.800,4.9,59.200,2.7
2021S0503555,555,"London, Ontario",Ontario,2013,FALSE,494984,0.51,90.2,-9.80,8.600,2.9,63.600,3.7,58.100,1.6
2021S0503555,555,"London, Ontario",Ontario,2014,FALSE,498022,0.61,90.8,-9.24,7.500,1.8,62.800,2.9,58.100,1.6
2021S0503555,555,"London, Ontario",Ontario,2015,FALSE,501731,0.74,91.4,-8.57,6.600,0.9,64.100,4.2,59.800,3.3
2021S0503555,555,"London, Ontario",Ontario,2016,FALSE,510203,1.69,93.0,-7.02,7.100,1.4,62.400,2.5,58.000,1.5
2021S0503555,555,"London, Ontario",Ontario,2017,FALSE,523022,2.51,95.3,-4.69,6.300,0.6,61.200,1.3,57.300,0.8
2021S0503555,555,"London, Ontario",Ontario,2018,FALSE,537014,2.68,97.9,-2.14,5.700,0.0,61.700,1.8,58.200,1.7
2021S0503555,555,"London, Ontario",Ontario,2019,FALSE,548743,2.18,100.0,0.00,5.700,0.0,59.900,0.0,56.500,0.0
2021S0503555,555,"London, Ontario",Ontario,2020,FALSE,559067,1.88,101.9,1.88,8.700,3.0,61.200,1.3,55.800,-0.7
2021S0503555,555,"London, Ontario",Ontario,2021,FALSE,567539,1.52,103.4,3.43,7.900,2.2,65.300,5.4,60.100,3.6
2021S0503555,555,"London, Ontario",Ontario,2022,FALSE,586473,3.34,106.9,6.88,5.700,0.0,65.800,5.9,62.000,5.5
2021S0503555,555,"London, Ontario",Ontario,2023,FALSE,607654,3.61,110.7,10.74,5.200,-0.5,66.300,6.4,62.900,6.4
2021S0503555,555,"London, Ontario",Ontario,2024,FALSE,626875,3.16,114.2,14.24,6.600,0.9,65.600,5.7,61.200,4.7
2021S0503555,555,"London, Ontario",Ontario,2025,TRUE,633002,0.98,115.4,15.35,6.700,1.0,65.400,5.5,61.000,4.5
2021S0503305,305,"Moncton, New Brunswick",New Brunswick,2011,FALSE,140796,1.64,90.8,-9.21,7.300,1.7,68.000,1.8,62.900,0.5
2021S0503305,305,"Moncton, New Brunswick",New Brunswick,2012,FALSE,142912,1.50,92.2,-7.85,7.000,1.4,68.400,2.2,63.600,1.2
2021S0503305,305,"Moncton, New Brunswick",New Brunswick,2013,FALSE,144221,0.92,93.0,-7.00,7.200,1.6,67.400,1.2,62.500,0.1
2021S0503305,305,"Moncton, New Brunswick",New Brunswick,2014,FALSE,145699,1.02,94.0,-6.05,6.800,1.2,67.700,1.5,63.000,0.6
2021S0503305,305,"Moncton, New Brunswick",New Brunswick,2015,FALSE,146608,0.62,94.5,-5.46,6.900,1.3,68.100,1.9,63.400,1.0
2021S0503305,305,"Moncton, New Brunswick",New Brunswick,2016,FALSE,148470,1.27,95.7,-4.26,7.200,1.6,67.300,1.1,62.500,0.1
2021S0503305,305,"Moncton, New Brunswick",New Brunswick,2017,FALSE,150156,1.14,96.8,-3.17,6.400,0.8,65.300,-0.9,61.100,-1.3
2021S0503305,305,"Moncton, New Brunswick",New Brunswick,2018,FALSE,152020,1.24,98.0,-1.97,5.800,0.2,66.600,0.4,62.700,0.3
2021S0503305,305,"Moncton, New Brunswick",New Brunswick,2019,FALSE,155078,2.01,100.0,0.00,5.600,0.0,66.200,0.0,62.400,0.0
2021S0503305,305,"Moncton, New Brunswick",New Brunswick,2020,FALSE,158135,1.97,102.0,1.97,8.500,2.9,66.600,0.4,61.000,-1.4
2021S0503305,305,"Moncton, New Brunswick",New Brunswick,2021,FALSE,161376,2.05,104.1,4.06,7.500,1.9,70.200,4.0,64.900,2.5
2021S0503305,305,"Moncton, New Brunswick",New Brunswick,2022,FALSE,168356,4.33,108.6,8.56,4.700,-0.9,66.000,-0.2,62.900,0.5
2021S0503305,305,"Moncton, New Brunswick",New Brunswick,2023,FALSE,178208,5.85,114.9,14.92,5.500,-0.1,66.000,-0.2,62.400,0.0
2021S0503305,305,"Moncton, New Brunswick",New Brunswick,2024,FALSE,190477,6.88,122.8,22.83,5.400,-0.2,65.800,-0.4,62.300,-0.1
2021S0503305,305,"Moncton, New Brunswick",New Brunswick,2025,TRUE,196143,2.97,126.5,26.48,6.100,0.5,66.300,0.1,62.200,-0.2
2021S0503462,462,"Montréal, Quebec",Quebec,2011,FALSE,4001097,1.01,92.4,-7.55,8.500,2.9,66.400,-0.4,60.700,-2.4
2021S0503462,462,"Montréal, Quebec",Quebec,2012,FALSE,4036837,0.89,93.3,-6.73,8.600,3.0,66.700,-0.1,61.000,-2.1
2021S0503462,462,"Montréal, Quebec",Quebec,2013,FALSE,4070480,0.83,94.1,-5.95,8.200,2.6,67.400,0.6,61.900,-1.2
2021S0503462,462,"Montréal, Quebec",Quebec,2014,FALSE,4096765,0.65,94.7,-5.34,8.200,2.6,66.500,-0.3,61.100,-2.0
2021S0503462,462,"Montréal, Quebec",Quebec,2015,FALSE,4115763,0.46,95.1,-4.90,8.500,2.9,66.600,-0.2,61.000,-2.1
2021S0503462,462,"Montréal, Quebec",Quebec,2016,FALSE,4146025,0.74,95.8,-4.20,7.800,2.2,66.300,-0.5,61.200,-1.9
2021S0503462,462,"Montréal, Quebec",Quebec,2017,FALSE,4193413,1.14,96.9,-3.11,6.600,1.0,67.100,0.3,62.700,-0.4
2021S0503462,462,"Montréal, Quebec",Quebec,2018,FALSE,4261700,1.63,98.5,-1.53,6.100,0.5,67.700,0.9,63.600,0.5
2021S0503462,462,"Montréal, Quebec",Quebec,2019,FALSE,4327976,1.56,100.0,0.00,5.600,0.0,66.800,0.0,63.100,0.0
2021S0503462,462,"Montréal, Quebec",Quebec,2020,FALSE,4356853,0.67,100.7,0.67,10.100,4.5,66.200,-0.6,59.500,-3.6
2021S0503462,462,"Montréal, Quebec",Quebec,2021,FALSE,4330143,-0.61,100.1,0.05,6.900,1.3,67.200,0.4,62.500,-0.6
2021S0503462,462,"Montréal, Quebec",Quebec,2022,FALSE,4372296,0.97,101.0,1.02,4.900,-0.7,67.300,0.5,64.100,1.0
2021S0503462,462,"Montréal, Quebec",Quebec,2023,FALSE,4465221,2.13,103.2,3.17,5.200,-0.4,68.600,1.8,65.100,2.0
2021S0503462,462,"Montréal, Quebec",Quebec,2024,FALSE,4572813,2.41,105.7,5.66,6.200,0.6,66.700,-0.1,62.600,-0.5
2021S0503462,462,"Montréal, Quebec",Quebec,2025,TRUE,4597837,0.55,106.2,6.24,6.400,0.8,66.700,-0.1,62.400,-0.7
2021S0503938,938,"Nanaimo, British Columbia",British Columbia ,2011,FALSE,100014,0.74,85.5,-14.52,12.700,7.4,60.000,-6.0,52.400,-10.1
2021S0503938,938,"Nanaimo, British Columbia",British Columbia ,2012,FALSE,101344,1.33,86.6,-13.38,6.000,0.7,58.700,-7.3,55.100,-7.4
2021S0503938,938,"Nanaimo, British Columbia",British Columbia ,2013,FALSE,102817,1.45,87.9,-12.13,6.400,1.1,62.000,-4.0,58.100,-4.4
2021S0503938,938,"Nanaimo, British Columbia",British Columbia ,2014,FALSE,104900,2.03,89.7,-10.34,6.400,1.1,62.600,-3.4,58.600,-3.9
2021S0503938,938,"Nanaimo, British Columbia",British Columbia ,2015,FALSE,106918,1.92,91.4,-8.62,4.900,-0.4,52.800,-13.2,50.200,-12.3
2021S0503938,938,"Nanaimo, British Columbia",British Columbia ,2016,FALSE,109335,2.26,93.4,-6.55,6.400,1.1,59.500,-6.5,55.600,-6.9
2021S0503938,938,"Nanaimo, British Columbia",British Columbia ,2017,FALSE,111651,2.12,95.4,-4.58,6.200,0.9,64.200,-1.8,60.300,-2.2
2021S0503938,938,"Nanaimo, British Columbia",British Columbia ,2018,FALSE,114435,2.49,97.8,-2.20,5.400,0.1,65.700,-0.3,62.200,-0.3
2021S0503938,938,"Nanaimo, British Columbia",British Columbia ,2019,FALSE,117004,2.24,100.0,0.00,5.300,0.0,66.000,0.0,62.500,0.0
2021S0503938,938,"Nanaimo, British Columbia",British Columbia ,2020,FALSE,118556,1.33,101.3,1.33,9.600,4.3,63.900,-2.1,57.700,-4.8
2021S0503938,938,"Nanaimo, British Columbia",British Columbia ,2021,FALSE,120213,1.40,102.7,2.74,6.300,1.0,61.400,-4.6,57.500,-5.0
2021S0503938,938,"Nanaimo, British Columbia",British Columbia ,2022,FALSE,122944,2.27,105.1,5.08,4.100,-1.2,64.000,-2.0,61.400,-1.1
2021S0503938,938,"Nanaimo, British Columbia",British Columbia ,2023,FALSE,125313,1.93,107.1,7.10,4.800,-0.5,64.700,-1.3,61.600,-0.9
2021S0503938,938,"Nanaimo, British Columbia",British Columbia ,2024,FALSE,128285,2.37,109.6,9.64,4.700,-0.6,62.400,-3.6,59.400,-3.1
2021S0503938,938,"Nanaimo, British Columbia",British Columbia ,2025,TRUE,129750,1.14,110.9,10.89,7.300,2.0,62.200,-3.8,57.600,-4.9
2021S0503532,532,"Oshawa, Ontario",Ontario,2011,FALSE,367170,1.25,88.7,-11.33,8.400,3.0,69.000,1.9,63.200,-0.3
2021S0503532,532,"Oshawa, Ontario",Ontario,2012,FALSE,372501,1.45,90.0,-10.04,8.500,3.1,68.200,1.1,62.400,-1.1
2021S0503532,532,"Oshawa, Ontario",Ontario,2013,FALSE,377045,1.22,91.1,-8.94,7.800,2.4,68.100,1.0,62.800,-0.7
2021S0503532,532,"Oshawa, Ontario",Ontario,2014,FALSE,381234,1.11,92.1,-7.93,7.200,1.8,68.800,1.7,63.800,0.3
2021S0503532,532,"Oshawa, Ontario",Ontario,2015,FALSE,385573,1.14,93.1,-6.88,7.600,2.2,66.200,-0.9,61.200,-2.3
2021S0503532,532,"Oshawa, Ontario",Ontario,2016,FALSE,392210,1.72,94.7,-5.28,5.800,0.4,69.800,2.7,65.700,2.2
2021S0503532,532,"Oshawa, Ontario",Ontario,2017,FALSE,398669,1.65,96.3,-3.72,5.600,0.2,67.200,0.1,63.500,0.0
2021S0503532,532,"Oshawa, Ontario",Ontario,2018,FALSE,405381,1.68,97.9,-2.10,5.100,-0.3,68.600,1.5,65.100,1.6
2021S0503532,532,"Oshawa, Ontario",Ontario,2019,FALSE,414074,2.14,100.0,0.00,5.400,0.0,67.100,0.0,63.500,0.0
2021S0503532,532,"Oshawa, Ontario",Ontario,2020,FALSE,424237,2.45,102.5,2.45,9.900,4.5,66.800,-0.3,60.200,-3.3
2021S0503532,532,"Oshawa, Ontario",Ontario,2021,FALSE,433529,2.19,104.7,4.70,7.800,2.4,66.200,-0.9,61.100,-2.4
2021S0503532,532,"Oshawa, Ontario",Ontario,2022,FALSE,447894,3.31,108.2,8.17,5.200,-0.2,68.000,0.9,64.400,0.9
2021S0503532,532,"Oshawa, Ontario",Ontario,2023,FALSE,464288,3.66,112.1,12.13,5.600,0.2,66.400,-0.7,62.700,-0.8
2021S0503532,532,"Oshawa, Ontario",Ontario,2024,FALSE,482076,3.83,116.4,16.42,6.800,1.4,66.700,-0.4,62.200,-1.3
2021S0503532,532,"Oshawa, Ontario",Ontario,2025,TRUE,493441,2.36,119.2,19.17,8.700,3.3,68.100,1.0,62.200,-1.3
2021S0503505,505,"Ottawa-Gatineau, Ontario/Quebec",Ontario/Quebec,2011,FALSE,1335445,1.55,89.2,-10.78,6.300,1.4,70.800,2.0,66.300,0.8
2021S0503505,505,"Ottawa-Gatineau, Ontario/Quebec",Ontario/Quebec,2012,FALSE,1351419,1.20,90.3,-9.71,6.300,1.4,71.300,2.5,66.800,1.3
2021S0503505,505,"Ottawa-Gatineau, Ontario/Quebec",Ontario/Quebec,2013,FALSE,1363460,0.89,91.1,-8.91,6.400,1.5,69.300,0.5,64.800,-0.7
2021S0503505,505,"Ottawa-Gatineau, Ontario/Quebec",Ontario/Quebec,2014,FALSE,1375552,0.89,91.9,-8.10,6.900,2.0,69.600,0.8,64.800,-0.7
2021S0503505,505,"Ottawa-Gatineau, Ontario/Quebec",Ontario/Quebec,2015,FALSE,1386868,0.82,92.7,-7.34,6.700,1.8,69.200,0.4,64.600,-0.9
2021S0503505,505,"Ottawa-Gatineau, Ontario/Quebec",Ontario/Quebec,2016,FALSE,1407766,1.51,94.1,-5.95,6.500,1.6,68.800,0.0,64.300,-1.2
2021S0503505,505,"Ottawa-Gatineau, Ontario/Quebec",Ontario/Quebec,2017,FALSE,1437124,2.09,96.0,-3.99,5.700,0.8,68.000,-0.8,64.100,-1.4
2021S0503505,505,"Ottawa-Gatineau, Ontario/Quebec",Ontario/Quebec,2018,FALSE,1466353,2.03,98.0,-2.03,4.600,-0.3,67.600,-1.2,64.500,-1.0
2021S0503505,505,"Ottawa-Gatineau, Ontario/Quebec",Ontario/Quebec,2019,FALSE,1496791,2.08,100.0,0.00,4.900,0.0,68.800,0.0,65.500,0.0
2021S0503505,505,"Ottawa-Gatineau, Ontario/Quebec",Ontario/Quebec,2020,FALSE,1524974,1.88,101.9,1.88,7.600,2.7,65.600,-3.2,60.700,-4.8
2021S0503505,505,"Ottawa-Gatineau, Ontario/Quebec",Ontario/Quebec,2021,FALSE,1540340,1.01,102.9,2.91,5.800,0.9,67.100,-1.7,63.100,-2.4
2021S0503505,505,"Ottawa-Gatineau, Ontario/Quebec",Ontario/Quebec,2022,FALSE,1568982,1.86,104.8,4.82,4.100,-0.8,67.500,-1.3,64.700,-0.8
2021S0503505,505,"Ottawa-Gatineau, Ontario/Quebec",Ontario/Quebec,2023,FALSE,1610010,2.61,107.6,7.56,4.400,-0.5,68.800,0.0,65.800,0.3
2021S0503505,505,"Ottawa-Gatineau, Ontario/Quebec",Ontario/Quebec,2024,FALSE,1661966,3.23,111.0,11.04,5.700,0.8,68.900,0.1,65.000,-0.5
2021S0503505,505,"Ottawa-Gatineau, Ontario/Quebec",Ontario/Quebec,2025,TRUE,1700014,2.29,113.6,13.58,6.600,1.7,67.400,-1.4,63.000,-2.5
2021S0503529,529,"Peterborough, Ontario",Ontario,2011,FALSE,122134,0.18,92.7,-7.33,9.800,3.9,61.900,1.5,55.800,-1.0
2021S0503529,529,"Peterborough, Ontario",Ontario,2012,FALSE,122554,0.34,93.0,-7.01,9.000,3.1,62.100,1.7,56.500,-0.3
2021S0503529,529,"Peterborough, Ontario",Ontario,2013,FALSE,123062,0.41,93.4,-6.63,8.900,3.0,58.200,-2.2,53.000,-3.8
2021S0503529,529,"Peterborough, Ontario",Ontario,2014,FALSE,122927,-0.11,93.3,-6.73,8.500,2.6,63.200,2.8,57.900,1.1
2021S0503529,529,"Peterborough, Ontario",Ontario,2015,FALSE,123438,0.42,93.7,-6.34,7.600,1.7,63.300,2.9,58.600,1.8
2021S0503529,529,"Peterborough, Ontario",Ontario,2016,FALSE,125189,1.42,95.0,-5.01,4.700,-1.2,59.200,-1.2,56.300,-0.5
2021S0503529,529,"Peterborough, Ontario",Ontario,2017,FALSE,127603,1.93,96.8,-3.18,6.600,0.7,62.500,2.1,58.300,1.5
2021S0503529,529,"Peterborough, Ontario",Ontario,2018,FALSE,130707,2.43,99.2,-0.83,5.500,-0.4,63.400,3.0,59.900,3.1
2021S0503529,529,"Peterborough, Ontario",Ontario,2019,FALSE,131798,0.83,100.0,0.00,5.900,0.0,60.400,0.0,56.800,0.0
2021S0503529,529,"Peterborough, Ontario",Ontario,2020,FALSE,132672,0.66,100.7,0.66,10.200,4.3,53.400,-7.0,48.000,-8.8
2021S0503529,529,"Peterborough, Ontario",Ontario,2021,FALSE,133661,0.75,101.4,1.41,7.800,1.9,60.900,0.5,56.100,-0.7
2021S0503529,529,"Peterborough, Ontario",Ontario,2022,FALSE,137058,2.54,104.0,3.99,4.500,-1.4,60.500,0.1,57.800,1.0
2021S0503529,529,"Peterborough, Ontario",Ontario,2023,FALSE,141740,3.42,107.5,7.54,4.600,-1.3,59.900,-0.5,57.300,0.5
2021S0503529,529,"Peterborough, Ontario",Ontario,2024,FALSE,148630,4.86,112.8,12.77,4.800,-1.1,57.000,-3.4,54.200,-2.6
2021S0503529,529,"Peterborough, Ontario",Ontario,2025,TRUE,149938,0.88,113.8,13.76,7.700,1.8,60.600,0.2,56.100,-0.7
2021S0503421,421,"Québec, Quebec",Quebec,2011,FALSE,783568,1.25,94.1,-5.93,5.500,2.4,70.000,0.8,66.200,-0.8
2021S0503421,421,"Québec, Quebec",Quebec,2012,FALSE,789511,0.76,94.8,-5.22,5.000,1.9,69.500,0.3,66.000,-1.0
2021S0503421,421,"Québec, Quebec",Quebec,2013,FALSE,795118,0.71,95.5,-4.54,4.900,1.8,68.400,-0.8,65.000,-2.0
2021S0503421,421,"Québec, Quebec",Quebec,2014,FALSE,800493,0.68,96.1,-3.90,5.500,2.4,69.300,0.1,65.500,-1.5
2021S0503421,421,"Québec, Quebec",Quebec,2015,FALSE,805395,0.61,96.7,-3.31,4.800,1.7,69.500,0.3,66.200,-0.8
2021S0503421,421,"Québec, Quebec",Quebec,2016,FALSE,811724,0.79,97.4,-2.55,4.800,1.7,67.900,-1.3,64.700,-2.3
2021S0503421,421,"Québec, Quebec",Quebec,2017,FALSE,817163,0.67,98.1,-1.90,4.200,1.1,67.600,-1.6,64.800,-2.2
2021S0503421,421,"Québec, Quebec",Quebec,2018,FALSE,824428,0.89,99.0,-1.03,3.700,0.6,69.300,0.1,66.700,-0.3
2021S0503421,421,"Québec, Quebec",Quebec,2019,FALSE,832966,1.04,100.0,0.00,3.100,0.0,69.200,0.0,67.000,0.0
2021S0503421,421,"Québec, Quebec",Quebec,2020,FALSE,840396,0.89,100.9,0.89,6.800,3.7,65.900,-3.3,61.400,-5.6
2021S0503421,421,"Québec, Quebec",Quebec,2021,FALSE,844774,0.52,101.4,1.42,4.100,1.0,65.900,-3.3,63.200,-3.8
2021S0503421,421,"Québec, Quebec",Quebec,2022,FALSE,857697,1.53,103.0,2.97,2.900,-0.2,65.800,-3.4,63.900,-3.1
2021S0503421,421,"Québec, Quebec",Quebec,2023,FALSE,875108,2.03,105.1,5.06,2.700,-0.4,67.400,-1.8,65.600,-1.4
2021S0503421,421,"Québec, Quebec",Quebec,2024,FALSE,894691,2.24,107.4,7.41,3.900,0.8,66.800,-2.4,64.300,-2.7
2021S0503421,421,"Québec, Quebec",Quebec,2025,TRUE,903607,1.00,108.5,8.48,4.200,1.1,68.200,-1.0,65.300,-1.7
2021S0503830,830,"Red Deer, Alberta",Alberta ,2011,FALSE,94105,0.87,90.2,-9.79,6.600,-1.5,77.800,7.8,72.800,8.5
2021S0503830,830,"Red Deer, Alberta",Alberta ,2012,FALSE,96916,2.99,92.9,-7.09,5.500,-2.6,73.800,3.8,69.700,5.4
2021S0503830,830,"Red Deer, Alberta",Alberta ,2013,FALSE,99592,2.76,95.5,-4.53,6.500,-1.6,76.700,6.7,71.700,7.4
2021S0503830,830,"Red Deer, Alberta",Alberta ,2014,FALSE,101731,2.15,97.5,-2.48,5.200,-2.9,75.700,5.7,71.800,7.5
2021S0503830,830,"Red Deer, Alberta",Alberta ,2015,FALSE,102898,1.15,98.6,-1.36,5.800,-2.3,76.700,6.7,72.200,7.9
2021S0503830,830,"Red Deer, Alberta",Alberta ,2016,FALSE,103388,0.48,99.1,-0.89,9.700,1.6,72.000,2.0,65.000,0.7
2021S0503830,830,"Red Deer, Alberta",Alberta ,2017,FALSE,102941,-0.43,98.7,-1.32,7.800,-0.3,71.500,1.5,65.900,1.6
2021S0503830,830,"Red Deer, Alberta",Alberta ,2018,FALSE,103732,0.77,99.4,-0.56,5.800,-2.3,74.900,4.9,70.500,6.2
2021S0503830,830,"Red Deer, Alberta",Alberta ,2019,FALSE,104315,0.56,100.0,0.00,8.100,0.0,70.000,0.0,64.300,0.0
2021S0503830,830,"Red Deer, Alberta",Alberta ,2020,FALSE,104477,0.16,100.2,0.16,13.200,5.1,66.200,-3.8,57.400,-6.9
2021S0503830,830,"Red Deer, Alberta",Alberta ,2021,FALSE,104429,-0.05,100.1,0.11,10.300,2.2,65.100,-4.9,58.400,-5.9
2021S0503830,830,"Red Deer, Alberta",Alberta ,2022,FALSE,105653,1.17,101.3,1.28,6.300,-1.8,63.700,-6.3,59.700,-4.6
2021S0503830,830,"Red Deer, Alberta",Alberta ,2023,FALSE,108971,3.14,104.5,4.46,6.200,-1.9,62.200,-7.8,58.400,-5.9
2021S0503830,830,"Red Deer, Alberta",Alberta ,2024,FALSE,112959,3.66,108.3,8.29,8.300,0.2,65.800,-4.2,60.300,-4.0
2021S0503830,830,"Red Deer, Alberta",Alberta ,2025,TRUE,115273,2.05,110.5,10.50,7.900,-0.2,68.500,-1.5,63.200,-1.1
2021S0503705,705,"Regina, Saskatchewan",Saskatchewan,2011,FALSE,218887,1.87,85.3,-14.71,4.500,-0.9,73.800,2.8,70.500,3.3
2021S0503705,705,"Regina, Saskatchewan",Saskatchewan,2012,FALSE,225246,2.91,87.8,-12.23,4.300,-1.1,73.400,2.4,70.300,3.1
2021S0503705,705,"Regina, Saskatchewan",Saskatchewan,2013,FALSE,230996,2.55,90.0,-9.99,3.900,-1.5,75.400,4.4,72.500,5.3
2021S0503705,705,"Regina, Saskatchewan",Saskatchewan,2014,FALSE,235876,2.11,91.9,-8.09,3.400,-2.0,73.400,2.4,70.900,3.7
2021S0503705,705,"Regina, Saskatchewan",Saskatchewan,2015,FALSE,240167,1.82,93.6,-6.42,4.500,-0.9,72.800,1.8,69.500,2.3
2021S0503705,705,"Regina, Saskatchewan",Saskatchewan,2016,FALSE,245295,2.14,95.6,-4.42,5.400,0.0,73.000,2.0,69.000,1.8
2021S0503705,705,"Regina, Saskatchewan",Saskatchewan,2017,FALSE,249788,1.83,97.3,-2.67,5.200,-0.2,72.600,1.6,68.900,1.7
2021S0503705,705,"Regina, Saskatchewan",Saskatchewan,2018,FALSE,253503,1.49,98.8,-1.22,6.100,0.7,72.000,1.0,67.600,0.4
2021S0503705,705,"Regina, Saskatchewan",Saskatchewan,2019,FALSE,256646,1.24,100.0,0.00,5.400,0.0,71.000,0.0,67.200,0.0
2021S0503705,705,"Regina, Saskatchewan",Saskatchewan,2020,FALSE,257598,0.37,100.4,0.37,8.400,3.0,67.400,-3.6,61.800,-5.4
2021S0503705,705,"Regina, Saskatchewan",Saskatchewan,2021,FALSE,257368,-0.09,100.3,0.28,6.800,1.4,69.100,-1.9,64.400,-2.8
2021S0503705,705,"Regina, Saskatchewan",Saskatchewan,2022,FALSE,260689,1.29,101.6,1.58,4.900,-0.5,67.900,-3.1,64.600,-2.6
2021S0503705,705,"Regina, Saskatchewan",Saskatchewan,2023,FALSE,271896,4.30,105.9,5.94,4.900,-0.5,68.400,-2.6,65.100,-2.1
2021S0503705,705,"Regina, Saskatchewan",Saskatchewan,2024,FALSE,285039,4.83,111.1,11.06,6.300,0.9,68.200,-2.8,63.900,-3.3
2021S0503705,705,"Regina, Saskatchewan",Saskatchewan,2025,TRUE,291187,2.16,113.5,13.46,6.000,0.6,69.000,-2.0,64.800,-2.4
2021S0503408,408,"Saguenay, Quebec",Quebec,2011,FALSE,160877,0.41,99.4,-0.63,7.300,2.1,57.500,-2.1,53.300,-3.1
2021S0503408,408,"Saguenay, Quebec",Quebec,2012,FALSE,161790,0.57,99.9,-0.06,7.800,2.6,61.700,2.1,56.800,0.4
2021S0503408,408,"Saguenay, Quebec",Quebec,2013,FALSE,162081,0.18,100.1,0.12,8.000,2.8,61.800,2.2,56.900,0.5
2021S0503408,408,"Saguenay, Quebec",Quebec,2014,FALSE,162044,-0.02,100.1,0.09,9.800,4.6,62.500,2.9,56.400,0.0
2021S0503408,408,"Saguenay, Quebec",Quebec,2015,FALSE,162058,0.01,100.1,0.10,8.200,3.0,60.100,0.5,55.200,-1.2
2021S0503408,408,"Saguenay, Quebec",Quebec,2016,FALSE,162048,-0.01,100.1,0.10,8.500,3.3,58.500,-1.1,53.600,-2.8
2021S0503408,408,"Saguenay, Quebec",Quebec,2017,FALSE,161824,-0.14,100.0,-0.04,7.500,2.3,60.200,0.6,55.700,-0.7
2021S0503408,408,"Saguenay, Quebec",Quebec,2018,FALSE,161787,-0.02,99.9,-0.07,6.700,1.5,59.400,-0.2,55.400,-1.0
2021S0503408,408,"Saguenay, Quebec",Quebec,2019,FALSE,161894,0.07,100.0,0.00,5.200,0.0,59.600,0.0,56.400,0.0
2021S0503408,408,"Saguenay, Quebec",Quebec,2020,FALSE,162285,0.24,100.2,0.24,8.300,3.1,59.600,0.0,54.600,-1.8
2021S0503408,408,"Saguenay, Quebec",Quebec,2021,FALSE,162376,0.06,100.3,0.30,5.200,0.0,57.700,-1.9,54.700,-1.7
2021S0503408,408,"Saguenay, Quebec",Quebec,2022,FALSE,164244,1.15,101.5,1.45,4.400,-0.8,59.900,0.3,57.300,0.9
2021S0503408,408,"Saguenay, Quebec",Quebec,2023,FALSE,166557,1.41,102.9,2.88,3.600,-1.6,57.600,-2.0,55.500,-0.9
2021S0503408,408,"Saguenay, Quebec",Quebec,2024,FALSE,169247,1.62,104.5,4.54,3.000,-2.2,58.000,-1.6,56.200,-0.2
2021S0503408,408,"Saguenay, Quebec",Quebec,2025,TRUE,170192,0.56,105.1,5.13,4.300,-0.9,60.200,0.6,57.600,1.2
2021S0503310,310,"Saint John, New Brunswick",New Brunswick,2011,FALSE,129878,0.35,98.9,-1.12,6.800,0.0,65.900,-0.2,61.400,-0.3
2021S0503310,310,"Saint John, New Brunswick",New Brunswick,2012,FALSE,129680,-0.15,98.7,-1.27,8.800,2.0,65.900,-0.2,60.100,-1.6
2021S0503310,310,"Saint John, New Brunswick",New Brunswick,2013,FALSE,129129,-0.42,98.3,-1.69,9.200,2.4,66.200,0.1,60.100,-1.6
2021S0503310,310,"Saint John, New Brunswick",New Brunswick,2014,FALSE,128543,-0.45,97.9,-2.14,7.800,1.0,66.300,0.2,61.200,-0.5
2021S0503310,310,"Saint John, New Brunswick",New Brunswick,2015,FALSE,128417,-0.10,97.8,-2.23,8.400,1.6,66.000,-0.1,60.400,-1.3
2021S0503310,310,"Saint John, New Brunswick",New Brunswick,2016,FALSE,129019,0.47,98.2,-1.77,7.800,1.0,65.900,-0.2,60.700,-1.0
2021S0503310,310,"Saint John, New Brunswick",New Brunswick,2017,FALSE,129658,0.50,98.7,-1.29,5.900,-0.9,66.500,0.4,62.700,1.0
2021S0503310,310,"Saint John, New Brunswick",New Brunswick,2018,FALSE,130432,0.60,99.3,-0.70,6.200,-0.6,63.900,-2.2,60.000,-1.7
2021S0503310,310,"Saint John, New Brunswick",New Brunswick,2019,FALSE,131349,0.70,100.0,0.00,6.800,0.0,66.100,0.0,61.700,0.0
2021S0503310,310,"Saint John, New Brunswick",New Brunswick,2020,FALSE,132226,0.67,100.7,0.67,10.300,3.5,62.300,-3.8,55.800,-5.9
2021S0503310,310,"Saint John, New Brunswick",New Brunswick,2021,FALSE,133140,0.69,101.4,1.36,9.400,2.6,63.200,-2.9,57.300,-4.4
2021S0503310,310,"Saint John, New Brunswick",New Brunswick,2022,FALSE,135443,1.73,103.1,3.12,6.900,0.1,62.500,-3.6,58.200,-3.5
2021S0503310,310,"Saint John, New Brunswick",New Brunswick,2023,FALSE,138854,2.52,105.7,5.71,5.300,-1.5,61.900,-4.2,58.500,-3.2
2021S0503310,310,"Saint John, New Brunswick",New Brunswick,2024,FALSE,142905,2.92,108.8,8.80,6.300,-0.5,63.900,-2.2,59.800,-1.9
2021S0503310,310,"Saint John, New Brunswick",New Brunswick,2025,TRUE,144543,1.15,110.0,10.04,7.100,0.3,60.800,-5.3,56.600,-5.1
2021S0503725,725,"Saskatoon, Saskatchewan",Saskatchewan,2011,FALSE,271776,2.67,84.0,-15.99,5.500,-0.4,70.800,1.0,66.900,1.3
2021S0503725,725,"Saskatoon, Saskatchewan",Saskatchewan,2012,FALSE,280673,3.27,86.8,-13.24,5.700,-0.2,71.600,1.8,67.600,2.0
2021S0503725,725,"Saskatoon, Saskatchewan",Saskatchewan,2013,FALSE,287841,2.55,89.0,-11.03,4.200,-1.7,72.700,2.9,69.700,4.1
2021S0503725,725,"Saskatoon, Saskatchewan",Saskatchewan,2014,FALSE,294067,2.16,90.9,-9.10,4.100,-1.8,72.400,2.6,69.500,3.9
2021S0503725,725,"Saskatoon, Saskatchewan",Saskatchewan,2015,FALSE,300089,2.05,92.8,-7.24,6.000,0.1,71.400,1.6,67.100,1.5
2021S0503725,725,"Saskatoon, Saskatchewan",Saskatchewan,2016,FALSE,307308,2.41,95.0,-5.01,7.000,1.1,70.400,0.6,65.500,-0.1
2021S0503725,725,"Saskatoon, Saskatchewan",Saskatchewan,2017,FALSE,313434,1.99,96.9,-3.12,8.000,2.1,70.500,0.7,64.800,-0.8
2021S0503725,725,"Saskatoon, Saskatchewan",Saskatchewan,2018,FALSE,318625,1.66,98.5,-1.51,6.700,0.8,70.000,0.2,65.300,-0.3
2021S0503725,725,"Saskatoon, Saskatchewan",Saskatchewan,2019,FALSE,323519,1.54,100.0,0.00,5.900,0.0,69.800,0.0,65.600,0.0
2021S0503725,725,"Saskatoon, Saskatchewan",Saskatchewan,2020,FALSE,327547,1.25,101.2,1.25,9.600,3.7,68.400,-1.4,61.800,-3.8
2021S0503725,725,"Saskatoon, Saskatchewan",Saskatchewan,2021,FALSE,328256,0.22,101.5,1.46,7.100,1.2,68.900,-0.9,64.000,-1.6
2021S0503725,725,"Saskatoon, Saskatchewan",Saskatchewan,2022,FALSE,336168,2.41,103.9,3.91,4.200,-1.7,71.500,1.7,68.500,2.9
2021S0503725,725,"Saskatoon, Saskatchewan",Saskatchewan,2023,FALSE,352851,4.96,109.1,9.07,5.100,-0.8,71.300,1.5,67.700,2.1
2021S0503725,725,"Saskatoon, Saskatchewan",Saskatchewan,2024,FALSE,369766,4.79,114.3,14.29,5.100,-0.8,71.700,1.9,68.000,2.4
2021S0503725,725,"Saskatoon, Saskatchewan",Saskatchewan,2025,TRUE,378475,2.36,117.0,16.99,5.200,-0.7,70.400,0.6,66.700,1.1
2021S0503433,433,"Sherbrooke, Quebec",Quebec,2011,FALSE,204518,1.41,92.0,-8.01,6.800,2.6,64.900,2.1,60.600,0.4
2021S0503433,433,"Sherbrooke, Quebec",Quebec,2012,FALSE,206465,0.95,92.9,-7.13,7.900,3.7,62.900,0.1,57.900,-2.3
2021S0503433,433,"Sherbrooke, Quebec",Quebec,2013,FALSE,208408,0.94,93.7,-6.26,7.100,2.9,59.900,-2.9,55.600,-4.6
2021S0503433,433,"Sherbrooke, Quebec",Quebec,2014,FALSE,209923,0.73,94.4,-5.58,7.400,3.2,61.800,-1.0,57.200,-3.0
2021S0503433,433,"Sherbrooke, Quebec",Quebec,2015,FALSE,211010,0.52,94.9,-5.09,6.700,2.5,62.900,0.1,58.700,-1.5
2021S0503433,433,"Sherbrooke, Quebec",Quebec,2016,FALSE,213468,1.16,96.0,-3.98,6.300,2.1,62.600,-0.2,58.600,-1.6
2021S0503433,433,"Sherbrooke, Quebec",Quebec,2017,FALSE,215730,1.06,97.0,-2.96,5.900,1.7,61.700,-1.1,58.100,-2.1
2021S0503433,433,"Sherbrooke, Quebec",Quebec,2018,FALSE,218818,1.43,98.4,-1.57,4.900,0.7,63.400,0.6,60.300,0.1
2021S0503433,433,"Sherbrooke, Quebec",Quebec,2019,FALSE,222318,1.60,100.0,0.00,4.200,0.0,62.800,0.0,60.200,0.0
2021S0503433,433,"Sherbrooke, Quebec",Quebec,2020,FALSE,225902,1.61,101.6,1.61,7.600,3.4,62.400,-0.4,57.700,-2.5
2021S0503433,433,"Sherbrooke, Quebec",Quebec,2021,FALSE,229294,1.50,103.1,3.14,4.700,0.5,62.000,-0.8,59.000,-1.2
2021S0503433,433,"Sherbrooke, Quebec",Quebec,2022,FALSE,233354,1.77,105.0,4.96,3.200,-1.0,60.200,-2.6,58.300,-1.9
2021S0503433,433,"Sherbrooke, Quebec",Quebec,2023,FALSE,237466,1.76,106.8,6.81,4.300,0.1,60.300,-2.5,57.700,-2.5
2021S0503433,433,"Sherbrooke, Quebec",Quebec,2024,FALSE,242136,1.97,108.9,8.91,5.000,0.8,62.400,-0.4,59.300,-0.9
2021S0503433,433,"Sherbrooke, Quebec",Quebec,2025,TRUE,243911,0.73,109.7,9.71,5.000,0.8,61.300,-1.5,58.200,-2.0
2021S0503539,539,"St. Catharines-Niagara, Ontario",Ontario,2011,FALSE,402740,0.11,91.5,-8.47,8.300,2.6,62.900,3.2,57.700,1.4
2021S0503539,539,"St. Catharines-Niagara, Ontario",Ontario,2012,FALSE,404937,0.55,92.0,-7.97,8.400,2.7,64.100,4.4,58.700,2.4
2021S0503539,539,"St. Catharines-Niagara, Ontario",Ontario,2013,FALSE,406492,0.38,92.4,-7.61,8.700,3.0,61.900,2.2,56.500,0.2
2021S0503539,539,"St. Catharines-Niagara, Ontario",Ontario,2014,FALSE,408633,0.53,92.9,-7.13,7.600,1.9,61.500,1.8,56.800,0.5
2021S0503539,539,"St. Catharines-Niagara, Ontario",Ontario,2015,FALSE,411954,0.81,93.6,-6.37,7.200,1.5,63.800,4.1,59.200,2.9
2021S0503539,539,"St. Catharines-Niagara, Ontario",Ontario,2016,FALSE,417726,1.40,94.9,-5.06,7.100,1.4,63.100,3.4,58.600,2.3
2021S0503539,539,"St. Catharines-Niagara, Ontario",Ontario,2017,FALSE,425266,1.81,96.7,-3.35,6.700,1.0,61.200,1.5,57.200,0.9
2021S0503539,539,"St. Catharines-Niagara, Ontario",Ontario,2018,FALSE,432564,1.72,98.3,-1.69,6.800,1.1,61.800,2.1,57.600,1.3
2021S0503539,539,"St. Catharines-Niagara, Ontario",Ontario,2019,FALSE,439996,1.72,100.0,0.00,5.700,0.0,59.700,0.0,56.300,0.0
2021S0503539,539,"St. Catharines-Niagara, Ontario",Ontario,2020,FALSE,445110,1.16,101.2,1.16,10.600,4.9,57.000,-2.7,51.000,-5.3
2021S0503539,539,"St. Catharines-Niagara, Ontario",Ontario,2021,FALSE,450926,1.31,102.5,2.48,10.400,4.7,59.300,-0.4,53.100,-3.2
2021S0503539,539,"St. Catharines-Niagara, Ontario",Ontario,2022,FALSE,462224,2.51,105.1,5.05,5.200,-0.5,61.800,2.1,58.600,2.3
2021S0503539,539,"St. Catharines-Niagara, Ontario",Ontario,2023,FALSE,477863,3.38,108.6,8.61,5.800,0.1,61.600,1.9,58.100,1.8
2021S0503539,539,"St. Catharines-Niagara, Ontario",Ontario,2024,FALSE,493608,3.29,112.2,12.18,7.500,1.8,60.700,1.0,56.100,-0.2
2021S0503539,539,"St. Catharines-Niagara, Ontario",Ontario,2025,TRUE,503670,2.04,114.5,14.47,6.900,1.2,60.500,0.8,56.300,0.0
2021S0503001,001,"St. John's, Newfoundland and Labrador",Newfoundland and Labrador,2011,FALSE,204374,1.90,93.8,-6.17,7.000,-0.4,70.200,2.4,65.200,2.5
2021S0503001,001,"St. John's, Newfoundland and Labrador",Newfoundland and Labrador,2012,FALSE,206603,1.09,94.8,-5.15,7.400,0.0,72.700,4.9,67.300,4.6
2021S0503001,001,"St. John's, Newfoundland and Labrador",Newfoundland and Labrador,2013,FALSE,208441,0.89,95.7,-4.31,6.300,-1.1,69.800,2.0,65.300,2.6
2021S0503001,001,"St. John's, Newfoundland and Labrador",Newfoundland and Labrador,2014,FALSE,210515,1.00,96.6,-3.35,6.100,-1.3,70.100,2.3,65.800,3.1
2021S0503001,001,"St. John's, Newfoundland and Labrador",Newfoundland and Labrador,2015,FALSE,211992,0.70,97.3,-2.68,6.600,-0.8,70.100,2.3,65.500,2.8
2021S0503001,001,"St. John's, Newfoundland and Labrador",Newfoundland and Labrador,2016,FALSE,213775,0.84,98.1,-1.86,7.900,0.5,70.200,2.4,64.700,2.0
2021S0503001,001,"St. John's, Newfoundland and Labrador",Newfoundland and Labrador,2017,FALSE,215534,0.82,99.0,-1.05,8.500,1.1,66.100,-1.7,60.500,-2.2
2021S0503001,001,"St. John's, Newfoundland and Labrador",Newfoundland and Labrador,2018,FALSE,216404,0.40,99.3,-0.65,8.400,1.0,65.700,-2.1,60.200,-2.5
2021S0503001,001,"St. John's, Newfoundland and Labrador",Newfoundland and Labrador,2019,FALSE,217821,0.65,100.0,0.00,7.400,0.0,67.800,0.0,62.700,0.0
2021S0503001,001,"St. John's, Newfoundland and Labrador",Newfoundland and Labrador,2020,FALSE,219282,0.67,100.7,0.67,10.400,3.0,65.500,-2.3,58.700,-4.0
2021S0503001,001,"St. John's, Newfoundland and Labrador",Newfoundland and Labrador,2021,FALSE,220052,0.35,101.0,1.02,8.300,0.9,63.700,-4.1,58.500,-4.2
2021S0503001,001,"St. John's, Newfoundland and Labrador",Newfoundland and Labrador,2022,FALSE,224707,2.12,103.2,3.16,6.700,-0.7,67.300,-0.5,62.900,0.2
2021S0503001,001,"St. John's, Newfoundland and Labrador",Newfoundland and Labrador,2023,FALSE,232536,3.48,106.8,6.76,6.000,-1.4,64.500,-3.3,60.700,-2.0
2021S0503001,001,"St. John's, Newfoundland and Labrador",Newfoundland and Labrador,2024,FALSE,240428,3.39,110.4,10.38,6.900,-0.5,65.400,-2.4,60.800,-1.9
2021S0503001,001,"St. John's, Newfoundland and Labrador",Newfoundland and Labrador,2025,TRUE,243478,1.27,111.8,11.78,7.200,-0.2,66.100,-1.7,61.300,-1.4
2021S0503595,595,"Thunder Bay, Ontario",Ontario,2011,FALSE,124912,-0.18,97.4,-2.63,7.000,1.5,61.700,-0.9,57.400,-1.8
2021S0503595,595,"Thunder Bay, Ontario",Ontario,2012,FALSE,125063,0.12,97.5,-2.52,5.500,0.0,62.200,-0.4,58.700,-0.5
2021S0503595,595,"Thunder Bay, Ontario",Ontario,2013,FALSE,125158,0.08,97.6,-2.44,6.300,0.8,63.900,1.3,59.800,0.6
2021S0503595,595,"Thunder Bay, Ontario",Ontario,2014,FALSE,125176,0.01,97.6,-2.43,5.400,-0.1,62.000,-0.6,58.600,-0.6
2021S0503595,595,"Thunder Bay, Ontario",Ontario,2015,FALSE,124809,-0.29,97.3,-2.71,5.300,-0.2,60.200,-2.4,57.000,-2.2
2021S0503595,595,"Thunder Bay, Ontario",Ontario,2016,FALSE,124980,0.14,97.4,-2.58,6.700,1.2,61.600,-1.0,57.500,-1.7
2021S0503595,595,"Thunder Bay, Ontario",Ontario,2017,FALSE,126189,0.97,98.4,-1.64,5.800,0.3,62.500,-0.1,58.900,-0.3
2021S0503595,595,"Thunder Bay, Ontario",Ontario,2018,FALSE,127270,0.86,99.2,-0.80,5.300,-0.2,64.100,1.5,60.700,1.5
2021S0503595,595,"Thunder Bay, Ontario",Ontario,2019,FALSE,128291,0.80,100.0,0.00,5.500,0.0,62.600,0.0,59.200,0.0
2021S0503595,595,"Thunder Bay, Ontario",Ontario,2020,FALSE,128815,0.41,100.4,0.41,8.300,2.8,60.300,-2.3,55.300,-3.9
2021S0503595,595,"Thunder Bay, Ontario",Ontario,2021,FALSE,128040,-0.60,99.8,-0.20,7.300,1.8,61.900,-0.7,57.300,-1.9
2021S0503595,595,"Thunder Bay, Ontario",Ontario,2022,FALSE,129009,0.76,100.6,0.56,4.800,-0.7,61.100,-1.5,58.200,-1.0
2021S0503595,595,"Thunder Bay, Ontario",Ontario,2023,FALSE,131123,1.64,102.2,2.21,4.100,-1.4,62.400,-0.2,59.800,0.6
2021S0503595,595,"Thunder Bay, Ontario",Ontario,2024,FALSE,133305,1.66,103.9,3.91,4.300,-1.2,61.000,-1.6,58.400,-0.8
2021S0503595,595,"Thunder Bay, Ontario",Ontario,2025,TRUE,133765,0.35,104.3,4.27,4.800,-0.7,62.800,0.2,59.800,0.6
2021S0503535,535,"Toronto, Ontario",Ontario,2011,FALSE,5769176,1.53,89.8,-10.23,8.600,2.7,67.500,0.4,61.700,-1.4
2021S0503535,535,"Toronto, Ontario",Ontario,2012,FALSE,5852887,1.45,91.1,-8.92,8.800,2.9,67.400,0.3,61.400,-1.7
2021S0503535,535,"Toronto, Ontario",Ontario,2013,FALSE,5930812,1.33,92.3,-7.71,8.200,2.3,68.300,1.2,62.700,-0.4
2021S0503535,535,"Toronto, Ontario",Ontario,2014,FALSE,5996941,1.12,93.3,-6.68,8.100,2.2,67.100,0.0,61.700,-1.4
2021S0503535,535,"Toronto, Ontario",Ontario,2015,FALSE,6045256,0.81,94.1,-5.93,7.100,1.2,67.100,0.0,62.300,-0.8
2021S0503535,535,"Toronto, Ontario",Ontario,2016,FALSE,6122329,1.27,95.3,-4.73,7.000,1.1,66.600,-0.5,61.900,-1.2
2021S0503535,535,"Toronto, Ontario",Ontario,2017,FALSE,6202798,1.31,96.5,-3.48,6.600,0.7,66.900,-0.2,62.500,-0.6
2021S0503535,535,"Toronto, Ontario",Ontario,2018,FALSE,6313488,1.78,98.2,-1.76,6.000,0.1,66.400,-0.7,62.400,-0.7
2021S0503535,535,"Toronto, Ontario",Ontario,2019,FALSE,6426293,1.79,100.0,0.00,5.900,0.0,67.100,0.0,63.100,0.0
2021S0503535,535,"Toronto, Ontario",Ontario,2020,FALSE,6491939,1.02,101.0,1.02,11.000,5.1,66.000,-1.1,58.700,-4.4
2021S0503535,535,"Toronto, Ontario",Ontario,2021,FALSE,6472951,-0.29,100.7,0.73,9.200,3.3,67.600,0.5,61.400,-1.7
2021S0503535,535,"Toronto, Ontario",Ontario,2022,FALSE,6591642,1.83,102.6,2.57,6.300,0.4,67.500,0.4,63.200,0.1
2021S0503535,535,"Toronto, Ontario",Ontario,2023,FALSE,6840723,3.78,106.4,6.45,6.300,0.4,67.600,0.5,63.400,0.3
2021S0503535,535,"Toronto, Ontario",Ontario,2024,FALSE,7109866,3.93,110.6,10.64,8.000,2.1,66.900,-0.2,61.600,-1.5
2021S0503535,535,"Toronto, Ontario",Ontario,2025,TRUE,7108874,-0.01,110.6,10.62,8.600,2.7,66.900,-0.2,61.200,-1.9
2021S0503442,442,"Trois-Rivières, Quebec",Quebec,2011,FALSE,153122,0.83,96.1,-3.94,8.900,3.4,60.900,0.9,55.500,-1.2
2021S0503442,442,"Trois-Rivières, Quebec",Quebec,2012,FALSE,153888,0.50,96.5,-3.45,7.800,2.3,58.500,-1.5,53.900,-2.8
2021S0503442,442,"Trois-Rivières, Quebec",Quebec,2013,FALSE,154406,0.34,96.9,-3.13,8.600,3.1,56.500,-3.5,51.600,-5.1
2021S0503442,442,"Trois-Rivières, Quebec",Quebec,2014,FALSE,155230,0.53,97.4,-2.61,7.400,1.9,58.100,-1.9,53.800,-2.9
2021S0503442,442,"Trois-Rivières, Quebec",Quebec,2015,FALSE,155740,0.33,97.7,-2.29,6.800,1.3,59.000,-1.0,55.000,-1.7
2021S0503442,442,"Trois-Rivières, Quebec",Quebec,2016,FALSE,156729,0.64,98.3,-1.67,7.200,1.7,60.000,0.0,55.700,-1.0
2021S0503442,442,"Trois-Rivières, Quebec",Quebec,2017,FALSE,157615,0.57,98.9,-1.12,5.800,0.3,60.000,0.0,56.600,-0.1
2021S0503442,442,"Trois-Rivières, Quebec",Quebec,2018,FALSE,158164,0.35,99.2,-0.77,5.100,-0.4,60.000,0.0,57.000,0.3
2021S0503442,442,"Trois-Rivières, Quebec",Quebec,2019,FALSE,159395,0.78,100.0,0.00,5.500,0.0,60.000,0.0,56.700,0.0
2021S0503442,442,"Trois-Rivières, Quebec",Quebec,2020,FALSE,161361,1.23,101.2,1.23,8.000,2.5,60.800,0.8,55.900,-0.8
2021S0503442,442,"Trois-Rivières, Quebec",Quebec,2021,FALSE,162531,0.73,102.0,1.97,5.000,-0.5,59.400,-0.6,56.400,-0.3
2021S0503442,442,"Trois-Rivières, Quebec",Quebec,2022,FALSE,165780,2.00,104.0,4.01,3.400,-2.1,58.900,-1.1,56.800,0.1
2021S0503442,442,"Trois-Rivières, Quebec",Quebec,2023,FALSE,168438,1.60,105.7,5.67,4.200,-1.3,59.700,-0.3,57.200,0.5
2021S0503442,442,"Trois-Rivières, Quebec",Quebec,2024,FALSE,172585,2.46,108.3,8.28,5.900,0.4,61.900,1.9,58.200,1.5
2021S0503442,442,"Trois-Rivières, Quebec",Quebec,2025,TRUE,174316,1.00,109.4,9.36,4.900,-0.6,60.900,0.9,57.900,1.2
2021S0503933,933,"Vancouver, British Columbia",British Columbia,2011,FALSE,2376699,1.32,87.5,-12.48,7.500,2.9,66.800,-2.4,61.800,-4.2
2021S0503933,933,"Vancouver, British Columbia",British Columbia,2012,FALSE,2422957,1.95,89.2,-10.77,6.800,2.2,66.600,-2.6,62.100,-3.9
2021S0503933,933,"Vancouver, British Columbia",British Columbia,2013,FALSE,2464525,1.72,90.8,-9.24,6.600,2.0,65.800,-3.4,61.400,-4.6
2021S0503933,933,"Vancouver, British Columbia",British Columbia,2014,FALSE,2513078,1.97,92.5,-7.45,6.000,1.4,65.600,-3.6,61.700,-4.3
2021S0503933,933,"Vancouver, British Columbia",British Columbia,2015,FALSE,2537041,0.95,93.4,-6.57,5.800,1.2,65.600,-3.6,61.800,-4.2
2021S0503933,933,"Vancouver, British Columbia",British Columbia,2016,FALSE,2585090,1.89,95.2,-4.80,5.500,0.9,67.400,-1.8,63.700,-2.3
2021S0503933,933,"Vancouver, British Columbia",British Columbia,2017,FALSE,2619630,1.34,96.5,-3.53,4.700,0.1,68.000,-1.2,64.800,-1.2
2021S0503933,933,"Vancouver, British Columbia",British Columbia,2018,FALSE,2663557,1.68,98.1,-1.91,4.100,-0.5,68.000,-1.2,65.200,-0.8
2021S0503933,933,"Vancouver, British Columbia",British Columbia,2019,FALSE,2715494,1.95,100.0,0.00,4.600,0.0,69.200,0.0,66.000,0.0
2021S0503933,933,"Vancouver, British Columbia",British Columbia,2020,FALSE,2750966,1.31,101.3,1.31,9.500,4.9,66.000,-3.2,59.800,-6.2
2021S0503933,933,"Vancouver, British Columbia",British Columbia,2021,FALSE,2771430,0.74,102.1,2.06,6.900,2.3,69.200,0.0,64.400,-1.6
2021S0503933,933,"Vancouver, British Columbia",British Columbia,2022,FALSE,2855205,3.02,105.1,5.14,4.700,0.1,68.300,-0.9,65.000,-1.0
2021S0503933,933,"Vancouver, British Columbia",British Columbia,2023,FALSE,2970008,4.02,109.4,9.37,5.600,1.0,69.100,-0.1,65.200,-0.8
2021S0503933,933,"Vancouver, British Columbia",British Columbia,2024,FALSE,3081713,3.76,113.5,13.49,5.900,1.3,67.600,-1.6,63.600,-2.4
2021S0503933,933,"Vancouver, British Columbia",British Columbia,2025,TRUE,3088036,0.21,113.7,13.72,6.400,1.8,67.300,-1.9,63.000,-3.0
2021S0503935,935,"Victoria, British Columbia",British Columbia,2011,FALSE,352537,0.30,87.3,-12.71,6.100,2.5,64.600,0.5,60.600,-1.3
2021S0503935,935,"Victoria, British Columbia",British Columbia,2012,FALSE,358777,1.77,88.8,-11.16,5.600,2.0,65.300,1.2,61.700,-0.2
2021S0503935,935,"Victoria, British Columbia",British Columbia,2013,FALSE,364939,1.72,90.4,-9.64,5.200,1.6,64.400,0.3,61.000,-0.9
2021S0503935,935,"Victoria, British Columbia",British Columbia,2014,FALSE,370435,1.51,91.7,-8.28,5.600,2.0,62.800,-1.3,59.300,-2.6
2021S0503935,935,"Victoria, British Columbia",British Columbia,2015,FALSE,375046,1.24,92.9,-7.14,5.900,2.3,63.100,-1.0,59.400,-2.5
2021S0503935,935,"Victoria, British Columbia",British Columbia,2016,FALSE,384800,2.60,95.3,-4.72,5.200,1.6,64.400,0.3,61.100,-0.8
2021S0503935,935,"Victoria, British Columbia",British Columbia,2017,FALSE,390727,1.54,96.7,-3.25,3.900,0.3,65.400,1.3,62.800,0.9
2021S0503935,935,"Victoria, British Columbia",British Columbia,2018,FALSE,397109,1.63,98.3,-1.67,4.100,0.5,65.800,1.7,63.100,1.2
2021S0503935,935,"Victoria, British Columbia",British Columbia,2019,FALSE,403868,1.70,100.0,0.00,3.600,0.0,64.100,0.0,61.900,0.0
2021S0503935,935,"Victoria, British Columbia",British Columbia,2020,FALSE,409898,1.49,101.5,1.49,7.800,4.2,64.100,0.0,59.100,-2.8
2021S0503935,935,"Victoria, British Columbia",British Columbia,2021,FALSE,414596,1.15,102.7,2.66,4.900,1.3,63.700,-0.4,60.600,-1.3
2021S0503935,935,"Victoria, British Columbia",British Columbia,2022,FALSE,426033,2.76,105.5,5.49,3.800,0.2,63.800,-0.3,61.400,-0.5
2021S0503935,935,"Victoria, British Columbia",British Columbia,2023,FALSE,432684,1.56,107.1,7.14,3.700,0.1,64.300,0.2,61.900,0.0
2021S0503935,935,"Victoria, British Columbia",British Columbia,2024,FALSE,441961,2.14,109.4,9.43,3.900,0.3,67.300,3.2,64.700,2.8
2021S0503935,935,"Victoria, British Columbia",British Columbia,2025,TRUE,445090,0.71,110.2,10.21,4.100,0.5,66.700,2.6,64.000,2.1
2021S0503559,559,"Windsor, Ontario",Ontario,2011,FALSE,399531,-0.09,92.1,-7.94,9.700,3.5,61.300,-0.3,55.400,-2.4
2021S0503559,559,"Windsor, Ontario",Ontario,2012,FALSE,400460,0.23,92.3,-7.72,9.400,3.2,62.700,1.1,56.800,-1.0
2021S0503559,559,"Windsor, Ontario",Ontario,2013,FALSE,403793,0.83,93.0,-6.96,8.600,2.4,62.300,0.7,57.000,-0.8
2021S0503559,559,"Windsor, Ontario",Ontario,2014,FALSE,405081,0.32,93.3,-6.66,8.100,1.9,62.200,0.6,57.200,-0.6
2021S0503559,559,"Windsor, Ontario",Ontario,2015,FALSE,405648,0.14,93.5,-6.53,9.200,3.0,63.300,1.7,57.400,-0.4
2021S0503559,559,"Windsor, Ontario",Ontario,2016,FALSE,410828,1.28,94.7,-5.33,5.600,-0.6,62.800,1.2,59.300,1.5
2021S0503559,559,"Windsor, Ontario",Ontario,2017,FALSE,416871,1.47,96.1,-3.94,6.000,-0.2,61.100,-0.5,57.400,-0.4
2021S0503559,559,"Windsor, Ontario",Ontario,2018,FALSE,426477,2.30,98.3,-1.73,6.000,-0.2,61.800,0.2,58.100,0.3
2021S0503559,559,"Windsor, Ontario",Ontario,2019,FALSE,433979,1.76,100.0,0.00,6.200,0.0,61.600,0.0,57.800,0.0
2021S0503559,559,"Windsor, Ontario",Ontario,2020,FALSE,438328,1.00,101.0,1.00,12.000,5.8,56.500,-5.1,49.700,-8.1
2021S0503559,559,"Windsor, Ontario",Ontario,2021,FALSE,439473,0.26,101.3,1.27,9.200,3.0,60.700,-0.9,55.000,-2.8
2021S0503559,559,"Windsor, Ontario",Ontario,2022,FALSE,453224,3.13,104.4,4.43,7.300,1.1,60.300,-1.3,56.000,-1.8
2021S0503559,559,"Windsor, Ontario",Ontario,2023,FALSE,469673,3.63,108.2,8.22,6.200,0.0,64.100,2.5,60.100,2.3
2021S0503559,559,"Windsor, Ontario",Ontario,2024,FALSE,484698,3.20,111.7,11.69,8.300,2.1,64.200,2.6,58.900,1.1
2021S0503559,559,"Windsor, Ontario",Ontario,2025,TRUE,488738,0.83,112.6,12.62,9.700,3.5,64.500,2.9,58.200,0.4
2021S0503602,602,"Winnipeg, Manitoba",Manitoba,2011,FALSE,749627,1.31,88.5,-11.50,5.800,0.5,69.600,1.5,65.600,1.1
2021S0503602,602,"Winnipeg, Manitoba",Manitoba,2012,FALSE,760667,1.47,89.8,-10.19,5.600,0.3,69.700,1.6,65.800,1.3
2021S0503602,602,"Winnipeg, Manitoba",Manitoba,2013,FALSE,770051,1.23,90.9,-9.09,5.900,0.6,69.400,1.3,65.300,0.8
2021S0503602,602,"Winnipeg, Manitoba",Manitoba,2014,FALSE,780372,1.34,92.1,-7.87,6.000,0.7,68.400,0.3,64.300,-0.2
2021S0503602,602,"Winnipeg, Manitoba",Manitoba,2015,FALSE,792047,1.50,93.5,-6.49,6.100,0.8,69.700,1.6,65.500,1.0
2021S0503602,602,"Winnipeg, Manitoba",Manitoba,2016,FALSE,806186,1.79,95.2,-4.82,6.500,1.2,69.200,1.1,64.700,0.2
2021S0503602,602,"Winnipeg, Manitoba",Manitoba,2017,FALSE,821697,1.92,97.0,-2.99,5.700,0.4,68.500,0.4,64.600,0.1
2021S0503602,602,"Winnipeg, Manitoba",Manitoba,2018,FALSE,835049,1.62,98.6,-1.41,6.300,1.0,68.700,0.6,64.300,-0.2
2021S0503602,602,"Winnipeg, Manitoba",Manitoba,2019,FALSE,847015,1.43,100.0,0.00,5.300,0.0,68.100,0.0,64.500,0.0
2021S0503602,602,"Winnipeg, Manitoba",Manitoba,2020,FALSE,852805,0.68,100.7,0.68,9.000,3.7,67.100,-1.0,61.100,-3.4
2021S0503602,602,"Winnipeg, Manitoba",Manitoba,2021,FALSE,860237,0.87,101.6,1.56,6.800,1.5,68.200,0.1,63.500,-1.0
2021S0503602,602,"Winnipeg, Manitoba",Manitoba,2022,FALSE,877045,1.95,103.5,3.55,4.600,-0.7,68.300,0.2,65.100,0.6
2021S0503602,602,"Winnipeg, Manitoba",Manitoba,2023,FALSE,909657,3.72,107.4,7.40,4.900,-0.4,68.000,-0.1,64.600,0.1
2021S0503602,602,"Winnipeg, Manitoba",Manitoba,2024,FALSE,940010,3.34,111.0,10.98,5.500,0.2,67.500,-0.6,63.800,-0.7
2021S0503602,602,"Winnipeg, Manitoba",Manitoba,2025,TRUE,951758,1.25,112.4,12.37,6.100,0.8,68.000,-0.1,63.900,-0.6
