CMA_DGUID,CMA_CODE,CMA_NAME,PROVINCE_NAME,REF_YEAR,POPULATION,POPULATION_CHANGE_SINCE_2019,POPULATION_CHANGE_SINCE_2019_PCT,POPULATION_YOY_PCT,UNEMPLOYMENT_RATE_PCT,UNEMPLOYMENT_RATE_CHANGE_SINCE_2019_PP,PARTICIPATION_RATE_PCT,PARTICIPATION_RATE_CHANGE_SINCE_2019_PP,EMPLOYMENT_RATE_PCT,EMPLOYMENT_RATE_CHANGE_SINCE_2019_PP,MEDIAN_POPULATION_CHANGE_PCT,MEDIAN_UNEMPLOYMENT_RATE_PCT,REGIONAL_QUADRANT
2021S0503305,305,"Moncton, New Brunswick",New Brunswick,2025,196143,41065,26.48,2.97,6.100,0.5,66.300,0.1,62.200,-0.2,12.37000,6.700000,HIGHER_GROWTH_LOWER_UNEMPLOYMENT
2021S0503825,825,"Calgary, Alberta",Alberta,2025,1836012,332717,22.13,2.94,7.400,0.3,70.300,-3.8,65.100,-3.7,12.37000,6.700000,HIGHER_GROWTH_HIGHER_UNEMPLOYMENT
2021S0503541,541,"Kitchener-Cambridge-Waterloo, Ontario",Ontario,2025,701568,118684,20.36,0.31,7.700,2.3,70.300,-1.0,64.900,-2.5,12.37000,6.700000,HIGHER_GROWTH_HIGHER_UNEMPLOYMENT
2021S0503532,532,"Oshawa, Ontario",Ontario,2025,493441,79367,19.17,2.36,8.700,3.3,68.100,1.0,62.200,-1.3,12.37000,6.700000,HIGHER_GROWTH_HIGHER_UNEMPLOYMENT
2021S0503205,205,"Halifax, Nova Scotia",Nova Scotia,2025,544834,82097,17.74,1.58,5.600,-0.2,68.200,0.3,64.400,0.4,12.37000,6.700000,HIGHER_GROWTH_LOWER_UNEMPLOYMENT
2021S0503568,568,"Barrie, Ontario",Ontario,2025,252446,38015,17.73,2.16,7.700,1.6,67.300,-3.4,62.100,-4.3,12.37000,6.700000,HIGHER_GROWTH_HIGHER_UNEMPLOYMENT
2021S0503835,835,"Edmonton, Alberta",Alberta,2025,1692385,253749,17.64,3.09,7.700,0.4,68.700,-3.7,63.400,-3.7,12.37000,6.700000,HIGHER_GROWTH_HIGHER_UNEMPLOYMENT
2021S0503725,725,"Saskatoon, Saskatchewan",Saskatchewan,2025,378475,54956,16.99,2.36,5.200,-0.7,70.400,0.6,66.700,1.1,12.37000,6.700000,HIGHER_GROWTH_LOWER_UNEMPLOYMENT
2021S0503543,543,"Brantford, Ontario",Ontario,2025,176307,25368,16.81,1.69,8.000,3.7,67.200,-2.7,61.800,-5.1,12.37000,6.700000,HIGHER_GROWTH_HIGHER_UNEMPLOYMENT
2021S0503915,915,"Kelowna, British Columbia",British Columbia,2025,254605,34088,15.46,1.18,6.600,2.4,62.100,-5.2,58.000,-6.5,12.37000,6.700000,HIGHER_GROWTH_LOWER_UNEMPLOYMENT
2021S0503555,555,"London, Ontario",Ontario,2025,633002,84259,15.35,0.98,6.700,1.0,65.400,5.5,61.000,4.5,12.37000,6.700000,HIGHER_GROWTH_LOWER_UNEMPLOYMENT
2021S0503320,320,"Fredericton, New Brunswick",New Brunswick,2025,125303,16211,14.86,1.62,6.300,0.5,66.200,0.5,62.100,0.2,12.37000,6.700000,HIGHER_GROWTH_LOWER_UNEMPLOYMENT
2021S0503539,539,"St. Catharines-Niagara, Ontario",Ontario,2025,503670,63674,14.47,2.04,6.900,1.2,60.500,0.8,56.300,0.0,12.37000,6.700000,HIGHER_GROWTH_HIGHER_UNEMPLOYMENT
2021S0503930,930,"Chilliwack, British Columbia",British Columbia ,2025,130283,16210,14.21,2.56,6.800,0.9,63.700,2.8,59.400,2.0,12.37000,6.700000,HIGHER_GROWTH_HIGHER_UNEMPLOYMENT
2021S0503529,529,"Peterborough, Ontario",Ontario,2025,149938,18140,13.76,0.88,7.700,1.8,60.600,0.2,56.100,-0.7,12.37000,6.700000,HIGHER_GROWTH_HIGHER_UNEMPLOYMENT
2021S0503933,933,"Vancouver, British Columbia",British Columbia,2025,3088036,372542,13.72,0.21,6.400,1.8,67.300,-1.9,63.000,-3.0,12.37000,6.700000,HIGHER_GROWTH_LOWER_UNEMPLOYMENT
2021S0503810,810,"Lethbridge, Alberta",Alberta,2025,143143,17258,13.71,2.11,6.700,2.0,66.600,1.3,62.100,-0.2,12.37000,6.700000,HIGHER_GROWTH_LOWER_UNEMPLOYMENT
2021S0503505,505,"Ottawa-Gatineau, Ontario/Quebec",Ontario/Quebec,2025,1700014,203223,13.58,2.29,6.600,1.7,67.400,-1.4,63.000,-2.5,12.37000,6.700000,HIGHER_GROWTH_LOWER_UNEMPLOYMENT
2021S0503705,705,"Regina, Saskatchewan",Saskatchewan,2025,291187,34541,13.46,2.16,6.000,0.6,69.000,-2.0,64.800,-2.4,12.37000,6.700000,HIGHER_GROWTH_LOWER_UNEMPLOYMENT
2021S0503559,559,"Windsor, Ontario",Ontario,2025,488738,54759,12.62,0.83,9.700,3.5,64.500,2.9,58.200,0.4,12.37000,6.700000,HIGHER_GROWTH_HIGHER_UNEMPLOYMENT
2021S0503602,602,"Winnipeg, Manitoba",Manitoba,2025,951758,104743,12.37,1.25,6.100,0.8,68.000,-0.1,63.900,-0.6,12.37000,6.700000,HIGHER_GROWTH_LOWER_UNEMPLOYMENT
2021S0503001,001,"St. John's, Newfoundland and Labrador",Newfoundland and Labrador,2025,243478,25657,11.78,1.27,7.200,-0.2,66.100,-1.7,61.300,-1.4,12.37000,6.700000,LOWER_GROWTH_HIGHER_UNEMPLOYMENT
2021S0503522,522,"Belleville - Quinte West, Ontario",Ontario,2025,124978,12914,11.52,1.02,7.700,-0.5,56.100,3.0,51.800,3.0,12.37000,6.700000,LOWER_GROWTH_HIGHER_UNEMPLOYMENT
2021S0503932,932,"Abbotsford-Mission, British Columbia",British Columbia,2025,223828,22036,10.92,1.45,6.700,1.5,66.400,-1.8,61.900,-2.7,12.37000,6.700000,LOWER_GROWTH_LOWER_UNEMPLOYMENT
2021S0503938,938,"Nanaimo, British Columbia",British Columbia ,2025,129750,12746,10.89,1.14,7.300,2.0,62.200,-3.8,57.600,-4.9,12.37000,6.700000,LOWER_GROWTH_HIGHER_UNEMPLOYMENT
2021S0503580,580,"Greater Sudbury, Ontario",Ontario,2025,194278,18927,10.79,0.83,6.000,0.4,62.600,-1.2,58.800,-1.4,12.37000,6.700000,LOWER_GROWTH_LOWER_UNEMPLOYMENT
2021S0503535,535,"Toronto, Ontario",Ontario,2025,7108874,682581,10.62,-0.01,8.600,2.7,66.900,-0.2,61.200,-1.9,12.37000,6.700000,LOWER_GROWTH_HIGHER_UNEMPLOYMENT
2021S0503830,830,"Red Deer, Alberta",Alberta ,2025,115273,10958,10.50,2.05,7.900,-0.2,68.500,-1.5,63.200,-1.1,12.37000,6.700000,LOWER_GROWTH_HIGHER_UNEMPLOYMENT
2021S0503935,935,"Victoria, British Columbia",British Columbia,2025,445090,41222,10.21,0.71,4.100,0.5,66.700,2.6,64.000,2.1,12.37000,6.700000,LOWER_GROWTH_LOWER_UNEMPLOYMENT
2021S0503310,310,"Saint John, New Brunswick",New Brunswick,2025,144543,13194,10.04,1.15,7.100,0.3,60.800,-5.3,56.600,-5.1,12.37000,6.700000,LOWER_GROWTH_HIGHER_UNEMPLOYMENT
2021S0503521,521,"Kingston, Ontario",Ontario,2025,193466,17187,9.75,0.56,6.700,1.2,62.900,-0.4,58.700,-1.2,12.37000,6.700000,LOWER_GROWTH_LOWER_UNEMPLOYMENT
2021S0503433,433,"Sherbrooke, Quebec",Quebec,2025,243911,21593,9.71,0.73,5.000,0.8,61.300,-1.5,58.200,-2.0,12.37000,6.700000,LOWER_GROWTH_LOWER_UNEMPLOYMENT
2021S0503550,550,"Guelph, Ontario",Ontario,2025,183134,15900,9.51,0.28,7.100,2.6,66.500,-3.2,61.700,-4.9,12.37000,6.700000,LOWER_GROWTH_HIGHER_UNEMPLOYMENT
2021S0503442,442,"Trois-Rivières, Quebec",Quebec,2025,174316,14921,9.36,1.00,4.900,-0.6,60.900,0.9,57.900,1.2,12.37000,6.700000,LOWER_GROWTH_LOWER_UNEMPLOYMENT
2021S0503447,447,"Drummondville, Québec",Québec ,2025,109151,9139,9.14,1.16,5.800,1.0,64.400,-1.4,60.600,-2.0,12.37000,6.700000,LOWER_GROWTH_LOWER_UNEMPLOYMENT
2021S0503537,537,"Hamilton, Ontario",Ontario,2025,871143,71517,8.94,0.98,7.000,2.7,65.600,0.0,61.000,-1.7,12.37000,6.700000,LOWER_GROWTH_HIGHER_UNEMPLOYMENT
2021S0503925,925,"Kamloops, British Columbia",British Columbia ,2025,127198,10292,8.80,-0.20,7.800,2.2,68.500,3.5,63.200,1.8,12.37000,6.700000,LOWER_GROWTH_HIGHER_UNEMPLOYMENT
2021S0503421,421,"Québec, Quebec",Quebec,2025,903607,70641,8.48,1.00,4.200,1.1,68.200,-1.0,65.300,-1.7,12.37000,6.700000,LOWER_GROWTH_LOWER_UNEMPLOYMENT
2021S0503462,462,"Montréal, Quebec",Quebec,2025,4597837,269861,6.24,0.55,6.400,0.8,66.700,-0.1,62.400,-0.7,12.37000,6.700000,LOWER_GROWTH_LOWER_UNEMPLOYMENT
2021S0503408,408,"Saguenay, Quebec",Quebec,2025,170192,8298,5.13,0.56,4.300,-0.9,60.200,0.6,57.600,1.2,12.37000,6.700000,LOWER_GROWTH_LOWER_UNEMPLOYMENT
2021S0503595,595,"Thunder Bay, Ontario",Ontario,2025,133765,5474,4.27,0.35,4.800,-0.7,62.800,0.2,59.800,0.6,12.37000,6.700000,LOWER_GROWTH_LOWER_UNEMPLOYMENT
